episode,return,steps,died,collected,epsilon
0,1.0,300,0,2,1.0
1,1.0,300,0,2,0.999525
2,2.0,300,0,3,0.99905
3,1.0,300,0,2,0.998575
4,1.0,300,0,2,0.9981
5,1.0,300,0,2,0.997625
6,1.0,300,0,2,0.99715
7,1.0,300,0,2,0.996675
8,2.0,300,0,2,0.9962
9,1.0,300,0,1,0.995725
10,4.0,300,0,4,0.99525
11,2.0,300,0,3,0.994775
12,1.0,300,0,1,0.9943
13,1.0,300,0,2,0.993825
14,1.0,300,0,2,0.99335
15,1.0,300,0,1,0.992875
16,1.0,300,0,2,0.9924
17,1.0,300,0,1,0.991925
18,2.0,300,0,3,0.99145
19,1.0,300,0,2,0.990975
20,2.0,300,0,3,0.9905
21,2.0,300,0,3,0.990025
22,1.0,300,0,1,0.98955
23,1.0,300,0,1,0.989075
24,2.0,300,0,3,0.9886
25,1.0,300,0,1,0.988125
26,4.0,300,0,4,0.98765
27,3.0,300,0,4,0.987175
28,1.0,300,0,1,0.9867
29,2.0,300,0,3,0.986225
30,2.0,300,0,3,0.98575
31,2.0,300,0,3,0.985275
32,2.0,300,0,2,0.9848
33,5.0,217,0,5,0.984325
34,1.0,300,0,2,0.98385
35,3.0,300,0,3,0.983375
36,1.0,300,0,1,0.9829
37,2.0,300,0,3,0.982425
38,4.0,300,0,4,0.98195
39,3.0,300,0,3,0.981475
40,1.0,300,0,1,0.981
41,1.0,300,0,2,0.980525
42,1.0,300,0,2,0.98005
43,5.0,245,0,5,0.979575
44,1.0,300,0,2,0.9791
45,4.0,300,0,4,0.978625
46,1.0,300,0,2,0.97815
47,1.0,300,0,2,0.977675
48,2.0,300,0,3,0.9772
49,1.0,300,0,1,0.976725
50,1.0,300,0,1,0.97625
51,1.0,300,0,2,0.9757750000000001
52,4.0,300,0,4,0.9753000000000001
53,1.0,300,0,1,0.974825
54,4.0,300,0,4,0.97435
55,4.0,300,0,4,0.973875
56,1.0,300,0,1,0.9734
57,2.0,300,0,3,0.972925
58,4.0,300,0,4,0.97245
59,1.0,300,0,1,0.971975
60,1.0,300,0,2,0.9715
61,1.0,300,0,2,0.971025
62,1.0,300,0,1,0.97055
63,1.0,300,0,1,0.970075
64,1.0,300,0,2,0.9696
65,1.0,300,0,1,0.969125
66,1.0,300,0,2,0.96865
67,1.0,300,0,2,0.968175
68,4.0,300,0,4,0.9677
69,4.0,300,0,4,0.967225
70,1.0,300,0,2,0.96675
71,3.0,300,0,3,0.966275
72,2.0,300,0,3,0.9658
73,1.0,300,0,2,0.965325
74,1.0,300,0,2,0.96485
75,5.0,124,0,5,0.964375
76,1.0,300,0,2,0.9639
77,1.0,300,0,1,0.963425
78,1.0,300,0,2,0.96295
79,4.0,300,0,4,0.962475
80,4.0,300,0,4,0.962
81,2.0,300,0,3,0.961525
82,4.0,300,0,4,0.96105
83,1.0,300,0,2,0.960575
84,1.0,300,0,2,0.9601
85,1.0,300,0,2,0.959625
86,1.0,300,0,1,0.95915
87,1.0,300,0,2,0.958675
88,4.0,300,0,4,0.9582
89,1.0,300,0,2,0.957725
90,1.0,300,0,2,0.95725
91,1.0,300,0,2,0.956775
92,2.0,300,0,3,0.9563
93,4.0,300,0,4,0.955825
94,2.0,300,0,3,0.95535
95,2.0,300,0,2,0.954875
96,4.0,300,0,4,0.9544
97,1.0,300,0,2,0.953925
98,2.0,300,0,3,0.95345
99,4.0,300,0,4,0.952975
100,1.0,300,0,1,0.9525
101,1.0,300,0,1,0.952025
102,1.0,300,0,1,0.95155
103,1.0,300,0,2,0.951075
104,5.0,151,0,5,0.9506
105,1.0,300,0,2,0.950125
106,4.0,300,0,4,0.94965
107,1.0,300,0,1,0.949175
108,1.0,300,0,1,0.9487
109,5.0,285,0,5,0.948225
110,1.0,300,0,1,0.94775
111,2.0,300,0,3,0.947275
112,1.0,300,0,1,0.9468
113,2.0,300,0,3,0.946325
114,2.0,300,0,3,0.94585
115,1.0,300,0,1,0.945375
116,5.0,159,0,5,0.9449
117,1.0,300,0,1,0.944425
118,5.0,275,0,5,0.94395
119,2.0,300,0,3,0.9434750000000001
120,1.0,300,0,1,0.9430000000000001
121,2.0,300,0,3,0.9425250000000001
122,1.0,300,0,2,0.94205
123,2.0,300,0,3,0.941575
124,1.0,300,0,2,0.9411
125,1.0,300,0,2,0.940625
126,5.0,152,0,5,0.94015
127,1.0,300,0,2,0.939675
128,2.0,300,0,3,0.9392
129,4.0,300,0,4,0.938725
130,4.0,300,0,4,0.93825
131,1.0,300,0,1,0.937775
132,1.0,300,0,1,0.9373
133,5.0,176,0,5,0.936825
134,1.0,300,0,2,0.93635
135,4.0,300,0,4,0.935875
136,5.0,203,0,5,0.9354
137,2.0,300,0,3,0.934925
138,5.0,168,0,5,0.93445
139,5.0,245,0,5,0.933975
140,5.0,251,0,5,0.9335
141,2.0,300,0,3,0.933025
142,4.0,300,0,4,0.93255
143,2.0,300,0,3,0.932075
144,1.0,300,0,2,0.9316
145,1.0,300,0,2,0.931125
146,1.0,300,0,2,0.93065
147,4.0,300,0,4,0.930175
148,4.0,300,0,4,0.9297
149,5.0,266,0,5,0.929225
150,1.0,300,0,2,0.92875
151,2.0,300,0,3,0.928275
152,1.0,300,0,1,0.9278
153,5.0,147,0,5,0.927325
154,5.0,264,0,5,0.92685
155,2.0,300,0,3,0.926375
156,5.0,196,0,5,0.9259
157,5.0,123,0,5,0.9254249999999999
158,5.0,262,0,5,0.92495
159,1.0,300,0,2,0.924475
160,3.0,300,0,3,0.924
161,1.0,300,0,2,0.923525
162,4.0,300,0,4,0.92305
163,2.0,300,0,3,0.922575
164,1.0,300,0,1,0.9221
165,1.0,300,0,2,0.921625
166,1.0,300,0,2,0.92115
167,1.0,300,0,2,0.920675
168,5.0,179,0,5,0.9202
169,5.0,212,0,5,0.919725
170,4.0,300,0,4,0.91925
171,5.0,242,0,5,0.918775
172,3.0,300,0,3,0.9183
173,1.0,300,0,2,0.917825
174,5.0,195,0,5,0.91735
175,2.0,300,0,3,0.916875
176,1.0,300,0,2,0.9164
177,1.0,300,0,1,0.915925
178,1.0,300,0,2,0.91545
179,5.0,297,0,5,0.914975
180,2.0,300,0,3,0.9145
181,2.0,300,0,2,0.914025
182,2.0,300,0,3,0.91355
183,5.0,263,0,5,0.913075
184,5.0,225,0,5,0.9126
185,2.0,300,0,3,0.912125
186,4.0,300,0,4,0.91165
187,1.0,300,0,1,0.911175
188,5.0,295,0,5,0.9107000000000001
189,3.0,300,0,3,0.9102250000000001
190,1.0,300,0,2,0.9097500000000001
191,1.0,300,0,2,0.909275
192,5.0,211,0,5,0.9088
193,1.0,300,0,2,0.908325
194,5.0,149,0,5,0.90785
195,5.0,294,0,5,0.907375
196,5.0,192,0,5,0.9069
197,1.0,300,0,2,0.906425
198,2.0,300,0,3,0.90595
199,2.0,300,0,3,0.905475
200,1.0,300,0,2,0.905
201,1.0,300,0,1,0.904525
202,4.0,300,0,4,0.90405
203,5.0,202,0,5,0.903575
204,2.0,300,0,3,0.9031
205,5.0,168,0,5,0.902625
206,1.0,300,0,2,0.90215
207,3.0,300,0,4,0.901675
208,5.0,180,0,5,0.9012
209,1.0,300,0,2,0.900725
210,3.0,300,0,3,0.90025
211,5.0,277,0,5,0.899775
212,3.0,300,0,4,0.8993
213,5.0,216,0,5,0.898825
214,5.0,215,0,5,0.89835
215,5.0,191,0,5,0.897875
216,2.0,300,0,3,0.8974
217,1.0,300,0,2,0.896925
218,1.0,300,0,2,0.89645
219,3.0,300,0,3,0.895975
220,5.0,241,0,5,0.8955
221,5.0,240,0,5,0.895025
222,4.0,300,0,4,0.89455
223,5.0,245,0,5,0.894075
224,5.0,219,0,5,0.8936
225,5.0,186,0,5,0.893125
226,5.0,141,0,5,0.8926499999999999
227,3.0,300,0,3,0.8921749999999999
228,1.0,300,0,1,0.8917
229,2.0,300,0,3,0.891225
230,5.0,199,0,5,0.89075
231,5.0,172,0,5,0.890275
232,1.0,300,0,1,0.8898
233,1.0,300,0,2,0.889325
234,2.0,300,0,3,0.88885
235,4.0,300,0,4,0.888375
236,2.0,300,0,3,0.8879
237,4.0,300,0,4,0.887425
238,5.0,150,0,5,0.88695
239,2.0,300,0,3,0.886475
240,1.0,300,0,2,0.886
241,5.0,226,0,5,0.885525
242,5.0,228,0,5,0.88505
243,5.0,128,0,5,0.884575
244,5.0,154,0,5,0.8841
245,4.0,300,0,4,0.883625
246,1.0,300,0,2,0.88315
247,5.0,271,0,5,0.882675
248,4.0,300,0,4,0.8822
249,5.0,262,0,5,0.881725
250,4.0,300,0,4,0.88125
251,5.0,287,0,5,0.880775
252,4.0,300,0,4,0.8803
253,2.0,300,0,3,0.879825
254,4.0,300,0,4,0.87935
255,1.0,300,0,2,0.878875
256,5.0,208,0,5,0.8784
257,2.0,300,0,3,0.877925
258,1.0,300,0,2,0.8774500000000001
259,2.0,300,0,3,0.8769750000000001
260,5.0,259,0,5,0.8765000000000001
261,2.0,300,0,3,0.876025
262,5.0,187,0,5,0.87555
263,2.0,300,0,3,0.875075
264,5.0,219,0,5,0.8746
265,5.0,182,0,5,0.874125
266,2.0,300,0,3,0.87365
267,2.0,300,0,3,0.873175
268,5.0,180,0,5,0.8727
269,1.0,300,0,2,0.872225
270,4.0,300,0,4,0.87175
271,5.0,290,0,5,0.871275
272,4.0,300,0,4,0.8708
273,5.0,91,0,5,0.870325
274,1.0,300,0,2,0.86985
275,5.0,164,0,5,0.869375
276,5.0,200,0,5,0.8689
277,5.0,157,0,5,0.868425
278,5.0,282,0,5,0.86795
279,5.0,276,0,5,0.867475
280,5.0,266,0,5,0.867
281,5.0,254,0,5,0.866525
282,5.0,244,0,5,0.86605
283,5.0,285,0,5,0.865575
284,5.0,146,0,5,0.8651
285,5.0,293,0,5,0.864625
286,5.0,142,0,5,0.86415
287,4.0,300,0,4,0.863675
288,2.0,300,0,3,0.8632
289,4.0,300,0,4,0.862725
290,5.0,185,0,5,0.86225
291,5.0,188,0,5,0.861775
292,4.0,300,0,4,0.8613
293,5.0,249,0,5,0.860825
294,5.0,175,0,5,0.86035
295,5.0,130,0,5,0.859875
296,5.0,151,0,5,0.8594
297,5.0,119,0,5,0.858925
298,5.0,266,0,5,0.85845
299,1.0,300,0,2,0.857975
300,5.0,245,0,5,0.8575
301,5.0,147,0,5,0.857025
302,4.0,300,0,4,0.85655
303,1.0,300,0,1,0.856075
304,1.0,300,0,2,0.8556
305,4.0,300,0,4,0.855125
306,5.0,182,0,5,0.85465
307,2.0,300,0,3,0.854175
308,5.0,112,0,5,0.8537
309,5.0,252,0,5,0.853225
310,5.0,288,0,5,0.85275
311,5.0,185,0,5,0.852275
312,5.0,239,0,5,0.8518
313,5.0,153,0,5,0.851325
314,5.0,215,0,5,0.85085
315,1.0,300,0,2,0.850375
316,4.0,300,0,4,0.8499
317,5.0,171,0,5,0.849425
318,5.0,155,0,5,0.84895
319,2.0,300,0,3,0.848475
320,5.0,133,0,5,0.848
321,5.0,265,0,5,0.847525
322,5.0,271,0,5,0.84705
323,5.0,199,0,5,0.846575
324,5.0,152,0,5,0.8461
325,5.0,190,0,5,0.8456250000000001
326,5.0,122,0,5,0.8451500000000001
327,5.0,200,0,5,0.8446750000000001
328,4.0,300,0,4,0.8442000000000001
329,5.0,152,0,5,0.8437250000000001
330,5.0,180,0,5,0.84325
331,5.0,263,0,5,0.842775
332,4.0,300,0,4,0.8423
333,5.0,194,0,5,0.841825
334,5.0,139,0,5,0.84135
335,5.0,203,0,5,0.840875
336,5.0,235,0,5,0.8404
337,4.0,300,0,4,0.839925
338,5.0,219,0,5,0.83945
339,5.0,136,0,5,0.838975
340,5.0,237,0,5,0.8385
341,5.0,265,0,5,0.838025
342,4.0,300,0,4,0.83755
343,5.0,253,0,5,0.837075
344,5.0,95,0,5,0.8366
345,4.0,300,0,4,0.836125
346,5.0,152,0,5,0.83565
347,5.0,293,0,5,0.835175
348,5.0,187,0,5,0.8347
349,5.0,185,0,5,0.834225
350,3.0,300,0,3,0.83375
351,5.0,179,0,5,0.833275
352,5.0,204,0,5,0.8328
353,5.0,229,0,5,0.832325
354,5.0,162,0,5,0.83185
355,5.0,193,0,5,0.831375
356,5.0,105,0,5,0.8309
357,5.0,227,0,5,0.830425
358,5.0,185,0,5,0.82995
359,5.0,276,0,5,0.829475
360,5.0,132,0,5,0.829
361,5.0,164,0,5,0.828525
362,5.0,298,0,5,0.82805
363,5.0,243,0,5,0.827575
364,5.0,128,0,5,0.8271
365,4.0,300,0,4,0.8266249999999999
366,5.0,146,0,5,0.82615
367,5.0,185,0,5,0.825675
368,5.0,86,0,5,0.8252
369,5.0,212,0,5,0.824725
370,5.0,164,0,5,0.82425
371,5.0,163,0,5,0.823775
372,2.0,300,0,3,0.8233
373,5.0,146,0,5,0.822825
374,5.0,201,0,5,0.82235
375,5.0,273,0,5,0.821875
376,5.0,190,0,5,0.8214
377,5.0,161,0,5,0.820925
378,5.0,158,0,5,0.82045
379,4.0,300,0,4,0.819975
380,5.0,219,0,5,0.8195
381,5.0,136,0,5,0.819025
382,5.0,199,0,5,0.81855
383,5.0,224,0,5,0.818075
384,5.0,179,0,5,0.8176
385,5.0,152,0,5,0.817125
386,5.0,150,0,5,0.81665
387,1.0,300,0,2,0.816175
388,5.0,239,0,5,0.8157
389,5.0,143,0,5,0.815225
390,5.0,247,0,5,0.81475
391,5.0,120,0,5,0.814275
392,3.0,300,0,3,0.8138
393,4.0,300,0,4,0.813325
394,5.0,186,0,5,0.81285
395,4.0,300,0,4,0.8123750000000001
396,5.0,167,0,5,0.8119000000000001
397,5.0,147,0,5,0.8114250000000001
398,5.0,175,0,5,0.8109500000000001
399,5.0,220,0,5,0.8104750000000001
400,5.0,113,0,5,0.81
401,5.0,141,0,5,0.809525
402,5.0,227,0,5,0.80905
403,5.0,108,0,5,0.808575
404,5.0,87,0,5,0.8081
405,5.0,190,0,5,0.807625
406,5.0,162,0,5,0.80715
407,5.0,219,0,5,0.806675
408,5.0,77,0,5,0.8062
409,5.0,140,0,5,0.805725
410,5.0,70,0,5,0.80525
411,5.0,150,0,5,0.804775
412,4.0,300,0,4,0.8043
413,5.0,155,0,5,0.803825
414,5.0,259,0,5,0.80335
415,5.0,212,0,5,0.802875
416,5.0,201,0,5,0.8024
417,2.0,300,0,3,0.801925
418,5.0,171,0,5,0.80145
419,5.0,222,0,5,0.800975
420,4.0,300,0,4,0.8005
421,5.0,271,0,5,0.800025
422,5.0,200,0,5,0.79955
423,3.0,300,0,3,0.799075
424,5.0,145,0,5,0.7986
425,5.0,89,0,5,0.798125
426,5.0,230,0,5,0.79765
427,5.0,119,0,5,0.797175
428,2.0,300,0,3,0.7967
429,5.0,245,0,5,0.796225
430,5.0,165,0,5,0.79575
431,4.0,300,0,4,0.795275
432,5.0,228,0,5,0.7948
433,5.0,209,0,5,0.794325
434,5.0,190,0,5,0.79385
435,5.0,160,0,5,0.7933749999999999
436,5.0,263,0,5,0.7929
437,5.0,179,0,5,0.792425
438,5.0,163,0,5,0.79195
439,5.0,293,0,5,0.791475
440,5.0,225,0,5,0.791
441,5.0,183,0,5,0.790525
442,5.0,142,0,5,0.79005
443,5.0,183,0,5,0.789575
444,5.0,277,0,5,0.7891
445,5.0,168,0,5,0.788625
446,5.0,182,0,5,0.78815
447,5.0,103,0,5,0.787675
448,5.0,134,0,5,0.7872
449,3.0,300,0,3,0.786725
450,5.0,160,0,5,0.78625
451,5.0,152,0,5,0.785775
452,5.0,118,0,5,0.7853
453,5.0,210,0,5,0.784825
454,5.0,154,0,5,0.78435
455,5.0,146,0,5,0.783875
456,5.0,200,0,5,0.7834
457,5.0,175,0,5,0.782925
458,5.0,103,0,5,0.78245
459,5.0,161,0,5,0.781975
460,5.0,286,0,5,0.7815
461,5.0,159,0,5,0.781025
462,5.0,137,0,5,0.78055
463,5.0,123,0,5,0.780075
464,5.0,266,0,5,0.7796
465,5.0,212,0,5,0.7791250000000001
466,4.0,300,0,4,0.7786500000000001
467,5.0,132,0,5,0.7781750000000001
468,5.0,166,0,5,0.7777000000000001
469,5.0,172,0,5,0.777225
470,5.0,99,0,5,0.77675
471,5.0,219,0,5,0.776275
472,5.0,225,0,5,0.7758
473,5.0,120,0,5,0.775325
474,5.0,230,0,5,0.77485
475,5.0,85,0,5,0.774375
476,5.0,238,0,5,0.7739
477,5.0,206,0,5,0.773425
478,5.0,280,0,5,0.77295
479,5.0,180,0,5,0.772475
480,5.0,117,0,5,0.772
481,5.0,237,0,5,0.771525
482,5.0,160,0,5,0.77105
483,5.0,189,0,5,0.770575
484,5.0,197,0,5,0.7701
485,5.0,235,0,5,0.769625
486,5.0,196,0,5,0.76915
487,5.0,95,0,5,0.768675
488,5.0,150,0,5,0.7682
489,5.0,160,0,5,0.767725
490,3.0,300,0,3,0.76725
491,5.0,115,0,5,0.766775
492,5.0,111,0,5,0.7663
493,5.0,276,0,5,0.765825
494,5.0,139,0,5,0.76535
495,4.0,300,0,4,0.764875
496,5.0,158,0,5,0.7644
497,5.0,216,0,5,0.763925
498,5.0,184,0,5,0.76345
499,5.0,123,0,5,0.762975
500,5.0,135,0,5,0.7625
501,5.0,109,0,5,0.762025
502,5.0,142,0,5,0.76155
503,5.0,112,0,5,0.761075
504,5.0,84,0,5,0.7605999999999999
505,5.0,157,0,5,0.760125
506,5.0,225,0,5,0.75965
507,5.0,78,0,5,0.759175
508,5.0,162,0,5,0.7587
509,5.0,119,0,5,0.758225
510,5.0,207,0,5,0.75775
511,5.0,118,0,5,0.757275
512,5.0,106,0,5,0.7568
513,5.0,121,0,5,0.756325
514,5.0,145,0,5,0.75585
515,5.0,124,0,5,0.755375
516,3.0,300,0,3,0.7549
517,5.0,113,0,5,0.754425
518,5.0,136,0,5,0.75395
519,5.0,105,0,5,0.753475
520,5.0,91,0,5,0.753
521,5.0,120,0,5,0.752525
522,5.0,208,0,5,0.75205
523,5.0,110,0,5,0.751575
524,5.0,170,0,5,0.7511
525,5.0,146,0,5,0.750625
526,5.0,82,0,5,0.75015
527,5.0,75,0,5,0.749675
528,5.0,128,0,5,0.7492
529,5.0,126,0,5,0.748725
530,5.0,199,0,5,0.7482500000000001
531,5.0,107,0,5,0.7477750000000001
532,5.0,203,0,5,0.7473000000000001
533,5.0,158,0,5,0.7468250000000001
534,5.0,72,0,5,0.7463500000000001
535,5.0,83,0,5,0.7458750000000001
536,5.0,143,0,5,0.7454000000000001
537,5.0,224,0,5,0.7449250000000001
538,5.0,146,0,5,0.7444500000000001
539,5.0,135,0,5,0.743975
540,3.0,300,0,4,0.7435
541,5.0,118,0,5,0.743025
542,5.0,295,0,5,0.74255
543,5.0,122,0,5,0.742075
544,5.0,141,0,5,0.7416
545,5.0,129,0,5,0.741125
546,5.0,89,0,5,0.74065
547,5.0,85,0,5,0.740175
548,3.0,300,0,3,0.7397
549,5.0,70,0,5,0.739225
550,5.0,83,0,5,0.73875
551,5.0,122,0,5,0.738275
552,5.0,274,0,5,0.7378
553,5.0,119,0,5,0.737325
554,5.0,104,0,5,0.73685
555,5.0,137,0,5,0.736375
556,5.0,84,0,5,0.7359
557,5.0,80,0,5,0.735425
558,5.0,143,0,5,0.73495
559,5.0,125,0,5,0.734475
560,5.0,117,0,5,0.734
561,5.0,91,0,5,0.733525
562,5.0,78,0,5,0.73305
563,5.0,88,0,5,0.732575
564,5.0,93,0,5,0.7321
565,5.0,78,0,5,0.731625
566,5.0,106,0,5,0.73115
567,5.0,117,0,5,0.730675
568,5.0,83,0,5,0.7302
569,5.0,126,0,5,0.729725
570,5.0,147,0,5,0.72925
571,5.0,123,0,5,0.7287750000000001
572,5.0,111,0,5,0.7283000000000001
573,5.0,148,0,5,0.727825
574,5.0,175,0,5,0.72735
575,5.0,173,0,5,0.726875
576,5.0,155,0,5,0.7264
577,5.0,124,0,5,0.725925
578,5.0,142,0,5,0.72545
579,5.0,91,0,5,0.724975
580,5.0,147,0,5,0.7245
581,5.0,149,0,5,0.724025
582,5.0,138,0,5,0.72355
583,5.0,139,0,5,0.723075
584,5.0,113,0,5,0.7226
585,5.0,144,0,5,0.722125
586,5.0,143,0,5,0.72165
587,5.0,90,0,5,0.721175
588,5.0,142,0,5,0.7207
589,5.0,142,0,5,0.720225
590,5.0,112,0,5,0.71975
591,5.0,174,0,5,0.7192750000000001
592,5.0,97,0,5,0.7188000000000001
593,5.0,138,0,5,0.7183250000000001
594,5.0,71,0,5,0.7178500000000001
595,5.0,92,0,5,0.7173750000000001
596,5.0,142,0,5,0.7169000000000001
597,5.0,134,0,5,0.7164250000000001
598,5.0,140,0,5,0.7159500000000001
599,5.0,141,0,5,0.7154750000000001
600,5.0,216,0,5,0.7150000000000001
601,5.0,138,0,5,0.7145250000000001
602,5.0,130,0,5,0.7140500000000001
603,5.0,89,0,5,0.7135750000000001
604,5.0,146,0,5,0.7131000000000001
605,5.0,121,0,5,0.7126250000000001
606,5.0,97,0,5,0.7121500000000001
607,5.0,111,0,5,0.7116750000000001
608,5.0,163,0,5,0.7112
609,5.0,105,0,5,0.710725
610,5.0,117,0,5,0.71025
611,5.0,106,0,5,0.709775
612,5.0,70,0,5,0.7093
613,5.0,241,0,5,0.708825
614,5.0,124,0,5,0.70835
615,5.0,112,0,5,0.707875
616,5.0,72,0,5,0.7074
617,5.0,243,0,5,0.706925
618,5.0,128,0,5,0.70645
619,5.0,87,0,5,0.705975
620,5.0,79,0,5,0.7055
621,5.0,68,0,5,0.705025
622,5.0,107,0,5,0.70455
623,5.0,152,0,5,0.704075
624,5.0,140,0,5,0.7036
625,5.0,114,0,5,0.703125
626,5.0,184,0,5,0.70265
627,5.0,136,0,5,0.702175
628,5.0,121,0,5,0.7017
629,5.0,109,0,5,0.701225
630,5.0,161,0,5,0.70075
631,5.0,120,0,5,0.700275
632,5.0,146,0,5,0.6998
633,5.0,148,0,5,0.699325
634,5.0,49,0,5,0.69885
635,5.0,95,0,5,0.698375
636,5.0,156,0,5,0.6979
637,5.0,183,0,5,0.697425
638,5.0,89,0,5,0.69695
639,5.0,121,0,5,0.696475
640,5.0,224,0,5,0.696
641,5.0,116,0,5,0.695525
642,5.0,101,0,5,0.69505
643,5.0,105,0,5,0.6945749999999999
644,5.0,129,0,5,0.6940999999999999
645,5.0,140,0,5,0.6936249999999999
646,5.0,67,0,5,0.6931499999999999
647,5.0,134,0,5,0.6926749999999999
648,5.0,114,0,5,0.6921999999999999
649,5.0,103,0,5,0.6917249999999999
650,5.0,90,0,5,0.69125
651,5.0,127,0,5,0.690775
652,5.0,165,0,5,0.6903
653,5.0,79,0,5,0.689825
654,5.0,185,0,5,0.68935
655,5.0,89,0,5,0.688875
656,5.0,123,0,5,0.6884
657,5.0,134,0,5,0.687925
658,5.0,69,0,5,0.68745
659,5.0,121,0,5,0.686975
660,5.0,113,0,5,0.6865
661,5.0,119,0,5,0.686025
662,5.0,51,0,5,0.68555
663,5.0,83,0,5,0.685075
664,5.0,102,0,5,0.6846
665,5.0,161,0,5,0.684125
666,5.0,133,0,5,0.68365
667,5.0,86,0,5,0.683175
668,5.0,101,0,5,0.6827
669,5.0,97,0,5,0.682225
670,5.0,126,0,5,0.6817500000000001
671,5.0,135,0,5,0.6812750000000001
672,5.0,107,0,5,0.6808000000000001
673,5.0,107,0,5,0.6803250000000001
674,5.0,88,0,5,0.6798500000000001
675,5.0,99,0,5,0.6793750000000001
676,5.0,79,0,5,0.6789000000000001
677,5.0,114,0,5,0.6784250000000001
678,5.0,113,0,5,0.67795
679,5.0,115,0,5,0.677475
680,5.0,51,0,5,0.677
681,5.0,134,0,5,0.676525
682,5.0,82,0,5,0.67605
683,5.0,86,0,5,0.675575
684,5.0,89,0,5,0.6751
685,5.0,150,0,5,0.674625
686,5.0,82,0,5,0.67415
687,5.0,120,0,5,0.673675
688,5.0,76,0,5,0.6732
689,5.0,81,0,5,0.672725
690,5.0,88,0,5,0.67225
691,5.0,87,0,5,0.671775
692,5.0,137,0,5,0.6713
693,5.0,100,0,5,0.670825
694,5.0,105,0,5,0.67035
695,5.0,83,0,5,0.669875
696,5.0,140,0,5,0.6694
697,5.0,120,0,5,0.668925
698,5.0,54,0,5,0.66845
699,5.0,87,0,5,0.667975
700,5.0,118,0,5,0.6675
701,5.0,139,0,5,0.667025
702,5.0,111,0,5,0.66655
703,5.0,137,0,5,0.666075
704,5.0,129,0,5,0.6656
705,5.0,131,0,5,0.665125
706,5.0,82,0,5,0.66465
707,5.0,100,0,5,0.664175
708,5.0,51,0,5,0.6637
709,5.0,171,0,5,0.663225
710,5.0,121,0,5,0.66275
711,5.0,120,0,5,0.6622750000000001
712,5.0,118,0,5,0.6618
713,5.0,94,0,5,0.661325
714,5.0,90,0,5,0.66085
715,5.0,60,0,5,0.660375
716,5.0,123,0,5,0.6599
717,5.0,61,0,5,0.659425
718,5.0,107,0,5,0.65895
719,5.0,85,0,5,0.658475
720,5.0,141,0,5,0.658
721,5.0,60,0,5,0.657525
722,5.0,94,0,5,0.65705
723,5.0,159,0,5,0.656575
724,5.0,125,0,5,0.6561
725,5.0,150,0,5,0.655625
726,5.0,140,0,5,0.65515
727,5.0,131,0,5,0.654675
728,5.0,100,0,5,0.6542
729,5.0,97,0,5,0.653725
730,5.0,100,0,5,0.65325
731,5.0,65,0,5,0.6527750000000001
732,5.0,93,0,5,0.6523000000000001
733,5.0,73,0,5,0.6518250000000001
734,5.0,90,0,5,0.6513500000000001
735,5.0,109,0,5,0.6508750000000001
736,5.0,111,0,5,0.6504000000000001
737,5.0,86,0,5,0.6499250000000001
738,5.0,102,0,5,0.6494500000000001
739,5.0,55,0,5,0.6489750000000001
740,5.0,61,0,5,0.6485000000000001
741,5.0,117,0,5,0.6480250000000001
742,5.0,79,0,5,0.6475500000000001
743,5.0,79,0,5,0.6470750000000001
744,5.0,132,0,5,0.6466000000000001
745,5.0,216,0,5,0.6461250000000001
746,5.0,101,0,5,0.6456500000000001
747,5.0,116,0,5,0.645175
748,5.0,145,0,5,0.6447
749,5.0,165,0,5,0.644225
750,5.0,77,0,5,0.64375
751,5.0,130,0,5,0.643275
752,5.0,78,0,5,0.6428
753,5.0,131,0,5,0.642325
754,5.0,79,0,5,0.64185
755,5.0,109,0,5,0.641375
756,5.0,117,0,5,0.6409
757,5.0,60,0,5,0.640425
758,5.0,82,0,5,0.63995
759,5.0,59,0,5,0.639475
760,5.0,79,0,5,0.639
761,5.0,99,0,5,0.638525
762,5.0,86,0,5,0.63805
763,5.0,95,0,5,0.637575
764,5.0,82,0,5,0.6371
765,5.0,90,0,5,0.636625
766,5.0,118,0,5,0.63615
767,5.0,105,0,5,0.635675
768,5.0,77,0,5,0.6352
769,5.0,106,0,5,0.634725
770,5.0,77,0,5,0.63425
771,5.0,69,0,5,0.633775
772,5.0,63,0,5,0.6333
773,5.0,87,0,5,0.632825
774,5.0,94,0,5,0.63235
775,5.0,108,0,5,0.631875
776,5.0,71,0,5,0.6314
777,5.0,111,0,5,0.630925
778,5.0,115,0,5,0.63045
779,5.0,71,0,5,0.629975
780,5.0,117,0,5,0.6295
781,5.0,86,0,5,0.629025
782,5.0,67,0,5,0.6285499999999999
783,5.0,81,0,5,0.6280749999999999
784,5.0,97,0,5,0.6275999999999999
785,5.0,89,0,5,0.6271249999999999
786,5.0,98,0,5,0.6266499999999999
787,5.0,69,0,5,0.6261749999999999
788,5.0,97,0,5,0.6256999999999999
789,5.0,83,0,5,0.6252249999999999
790,5.0,80,0,5,0.62475
791,5.0,93,0,5,0.624275
792,5.0,79,0,5,0.6238
793,5.0,95,0,5,0.623325
794,5.0,74,0,5,0.62285
795,5.0,53,0,5,0.622375
796,5.0,102,0,5,0.6219
797,5.0,65,0,5,0.621425
798,5.0,88,0,5,0.62095
799,5.0,69,0,5,0.620475
800,5.0,105,0,5,0.62
801,5.0,73,0,5,0.619525
802,5.0,72,0,5,0.61905
803,5.0,96,0,5,0.618575
804,5.0,75,0,5,0.6181
805,5.0,85,0,5,0.617625
806,5.0,117,0,5,0.61715
807,5.0,76,0,5,0.616675
808,5.0,96,0,5,0.6162
809,5.0,77,0,5,0.615725
810,5.0,109,0,5,0.6152500000000001
811,5.0,62,0,5,0.6147750000000001
812,5.0,92,0,5,0.6143000000000001
813,5.0,71,0,5,0.6138250000000001
814,5.0,98,0,5,0.6133500000000001
815,5.0,52,0,5,0.6128750000000001
816,5.0,77,0,5,0.6124
817,5.0,109,0,5,0.611925
818,5.0,82,0,5,0.61145
819,5.0,70,0,5,0.610975
820,5.0,84,0,5,0.6105
821,5.0,75,0,5,0.610025
822,5.0,70,0,5,0.60955
823,5.0,104,0,5,0.609075
824,5.0,97,0,5,0.6086
825,5.0,90,0,5,0.608125
826,5.0,85,0,5,0.60765
827,5.0,75,0,5,0.607175
828,5.0,124,0,5,0.6067
829,5.0,109,0,5,0.606225
830,5.0,72,0,5,0.60575
831,5.0,105,0,5,0.605275
832,5.0,61,0,5,0.6048
833,5.0,113,0,5,0.604325
834,5.0,83,0,5,0.60385
835,5.0,64,0,5,0.603375
836,5.0,86,0,5,0.6029
837,5.0,102,0,5,0.602425
838,5.0,106,0,5,0.60195
839,5.0,100,0,5,0.601475
840,5.0,64,0,5,0.601
841,5.0,76,0,5,0.600525
842,5.0,70,0,5,0.60005
843,5.0,75,0,5,0.599575
844,5.0,93,0,5,0.5991
845,5.0,60,0,5,0.598625
846,5.0,71,0,5,0.59815
847,5.0,82,0,5,0.597675
848,5.0,54,0,5,0.5972
849,5.0,99,0,5,0.596725
850,5.0,65,0,5,0.59625
851,5.0,75,0,5,0.595775
852,5.0,99,0,5,0.5953
853,5.0,67,0,5,0.594825
854,5.0,84,0,5,0.59435
855,5.0,99,0,5,0.593875
856,5.0,60,0,5,0.5934
857,5.0,100,0,5,0.592925
858,5.0,79,0,5,0.59245
859,5.0,70,0,5,0.591975
860,5.0,68,0,5,0.5915
861,5.0,98,0,5,0.591025
862,5.0,77,0,5,0.59055
863,5.0,139,0,5,0.590075
864,5.0,92,0,5,0.5896
865,5.0,53,0,5,0.589125
866,5.0,79,0,5,0.58865
867,5.0,60,0,5,0.588175
868,5.0,81,0,5,0.5877
869,5.0,124,0,5,0.587225
870,5.0,85,0,5,0.58675
871,5.0,64,0,5,0.5862750000000001
872,5.0,62,0,5,0.5858000000000001
873,5.0,61,0,5,0.5853250000000001
874,5.0,104,0,5,0.5848500000000001
875,5.0,66,0,5,0.5843750000000001
876,5.0,86,0,5,0.5839000000000001
877,5.0,84,0,5,0.5834250000000001
878,5.0,87,0,5,0.5829500000000001
879,5.0,111,0,5,0.5824750000000001
880,5.0,59,0,5,0.5820000000000001
881,5.0,76,0,5,0.5815250000000001
882,5.0,100,0,5,0.5810500000000001
883,5.0,73,0,5,0.5805750000000001
884,5.0,85,0,5,0.5801000000000001
885,5.0,79,0,5,0.5796250000000001
886,5.0,63,0,5,0.57915
887,5.0,86,0,5,0.578675
888,5.0,76,0,5,0.5782
889,5.0,39,0,5,0.577725
890,5.0,54,0,5,0.57725
891,5.0,46,0,5,0.576775
892,5.0,43,0,5,0.5763
893,5.0,83,0,5,0.575825
894,5.0,49,0,5,0.57535
895,5.0,49,0,5,0.574875
896,5.0,81,0,5,0.5744
897,5.0,58,0,5,0.573925
898,5.0,54,0,5,0.57345
899,5.0,64,0,5,0.572975
900,5.0,61,0,5,0.5725
901,5.0,84,0,5,0.572025
902,5.0,115,0,5,0.57155
903,5.0,77,0,5,0.571075
904,5.0,55,0,5,0.5706
905,5.0,105,0,5,0.570125
906,5.0,113,0,5,0.56965
907,5.0,89,0,5,0.569175
908,5.0,99,0,5,0.5687
909,5.0,74,0,5,0.568225
910,5.0,73,0,5,0.56775
911,5.0,57,0,5,0.567275
912,5.0,91,0,5,0.5668
913,5.0,52,0,5,0.566325
914,5.0,87,0,5,0.56585
915,5.0,67,0,5,0.565375
916,5.0,49,0,5,0.5649
917,5.0,70,0,5,0.564425
918,5.0,78,0,5,0.56395
919,5.0,57,0,5,0.563475
920,5.0,116,0,5,0.563
921,5.0,76,0,5,0.5625249999999999
922,5.0,82,0,5,0.5620499999999999
923,5.0,113,0,5,0.5615749999999999
924,5.0,62,0,5,0.5610999999999999
925,5.0,60,0,5,0.5606249999999999
926,5.0,66,0,5,0.5601499999999999
927,5.0,77,0,5,0.5596749999999999
928,5.0,89,0,5,0.5591999999999999
929,5.0,63,0,5,0.5587249999999999
930,5.0,87,0,5,0.55825
931,5.0,115,0,5,0.557775
932,5.0,79,0,5,0.5573
933,5.0,79,0,5,0.556825
934,5.0,45,0,5,0.55635
935,5.0,66,0,5,0.555875
936,3.0,300,0,3,0.5554
937,5.0,122,0,5,0.554925
938,5.0,70,0,5,0.5544500000000001
939,5.0,68,0,5,0.5539750000000001
940,5.0,60,0,5,0.5535000000000001
941,5.0,77,0,5,0.5530250000000001
942,5.0,39,0,5,0.5525500000000001
943,5.0,72,0,5,0.5520750000000001
944,5.0,68,0,5,0.5516000000000001
945,5.0,70,0,5,0.5511250000000001
946,5.0,60,0,5,0.5506500000000001
947,5.0,43,0,5,0.5501750000000001
948,5.0,43,0,5,0.5497000000000001
949,5.0,58,0,5,0.5492250000000001
950,5.0,55,0,5,0.5487500000000001
951,5.0,99,0,5,0.5482750000000001
952,5.0,79,0,5,0.5478000000000001
953,5.0,66,0,5,0.5473250000000001
954,5.0,84,0,5,0.5468500000000001
955,5.0,78,0,5,0.546375
956,5.0,77,0,5,0.5459
957,5.0,74,0,5,0.545425
958,5.0,87,0,5,0.54495
959,5.0,76,0,5,0.544475
960,5.0,75,0,5,0.544
961,5.0,71,0,5,0.543525
962,5.0,107,0,5,0.54305
963,5.0,68,0,5,0.542575
964,5.0,75,0,5,0.5421
965,5.0,59,0,5,0.541625
966,5.0,66,0,5,0.54115
967,5.0,73,0,5,0.540675
968,5.0,69,0,5,0.5402
969,5.0,92,0,5,0.539725
970,5.0,71,0,5,0.53925
971,5.0,39,0,5,0.538775
972,5.0,53,0,5,0.5383
973,5.0,65,0,5,0.537825
974,5.0,56,0,5,0.53735
975,5.0,97,0,5,0.536875
976,5.0,65,0,5,0.5364
977,5.0,90,0,5,0.535925
978,5.0,55,0,5,0.53545
979,5.0,60,0,5,0.534975
980,5.0,118,0,5,0.5345
981,5.0,90,0,5,0.534025
982,5.0,61,0,5,0.53355
983,5.0,108,0,5,0.533075
984,5.0,87,0,5,0.5326
985,5.0,69,0,5,0.532125
986,5.0,58,0,5,0.53165
987,5.0,67,0,5,0.531175
988,5.0,83,0,5,0.5307
989,5.0,83,0,5,0.530225
990,5.0,70,0,5,0.5297499999999999
991,5.0,75,0,5,0.529275
992,5.0,82,0,5,0.5288
993,5.0,80,0,5,0.528325
994,5.0,50,0,5,0.52785
995,5.0,47,0,5,0.527375
996,5.0,64,0,5,0.5269
997,5.0,65,0,5,0.526425
998,5.0,46,0,5,0.52595
999,5.0,78,0,5,0.525475
1000,5.0,56,0,5,0.525
1001,5.0,63,0,5,0.5245250000000001
1002,5.0,59,0,5,0.52405
1003,5.0,79,0,5,0.5235750000000001
1004,5.0,53,0,5,0.5231
1005,5.0,51,0,5,0.5226250000000001
1006,5.0,118,0,5,0.52215
1007,5.0,71,0,5,0.5216750000000001
1008,5.0,84,0,5,0.5212
1009,5.0,57,0,5,0.5207250000000001
1010,5.0,60,0,5,0.5202500000000001
1011,5.0,66,0,5,0.5197750000000001
1012,5.0,85,0,5,0.5193000000000001
1013,5.0,47,0,5,0.5188250000000001
1014,5.0,55,0,5,0.5183500000000001
1015,5.0,61,0,5,0.5178750000000001
1016,5.0,64,0,5,0.5174000000000001
1017,5.0,43,0,5,0.5169250000000001
1018,5.0,79,0,5,0.5164500000000001
1019,5.0,85,0,5,0.5159750000000001
1020,5.0,62,0,5,0.5155000000000001
1021,5.0,99,0,5,0.5150250000000001
1022,5.0,59,0,5,0.5145500000000001
1023,5.0,47,0,5,0.5140750000000001
1024,5.0,92,0,5,0.5136000000000001
1025,5.0,80,0,5,0.513125
1026,5.0,77,0,5,0.51265
1027,5.0,60,0,5,0.512175
1028,5.0,45,0,5,0.5117
1029,5.0,65,0,5,0.511225
1030,5.0,47,0,5,0.51075
1031,5.0,69,0,5,0.510275
1032,5.0,39,0,5,0.5098
1033,5.0,60,0,5,0.509325
1034,5.0,87,0,5,0.50885
1035,5.0,84,0,5,0.508375
1036,5.0,67,0,5,0.5079
1037,5.0,53,0,5,0.507425
1038,5.0,78,0,5,0.50695
1039,5.0,69,0,5,0.506475
1040,5.0,77,0,5,0.506
1041,5.0,72,0,5,0.505525
1042,5.0,43,0,5,0.50505
1043,5.0,64,0,5,0.504575
1044,5.0,84,0,5,0.5041
1045,5.0,48,0,5,0.503625
1046,5.0,68,0,5,0.50315
1047,5.0,67,0,5,0.502675
1048,5.0,60,0,5,0.5022
1049,5.0,53,0,5,0.501725
1050,5.0,52,0,5,0.50125
1051,5.0,79,0,5,0.5007750000000001
1052,5.0,58,0,5,0.5003
1053,5.0,61,0,5,0.4998250000000001
1054,5.0,47,0,5,0.49934999999999996
1055,5.0,70,0,5,0.49887500000000007
1056,5.0,64,0,5,0.49839999999999995
1057,5.0,33,0,5,0.49792500000000006
1058,5.0,58,0,5,0.49744999999999995
1059,5.0,65,0,5,0.49697500000000006
1060,5.0,74,0,5,0.49650000000000005
1061,5.0,76,0,5,0.49602500000000005
1062,5.0,58,0,5,0.49555000000000005
1063,5.0,41,0,5,0.49507500000000004
1064,5.0,40,0,5,0.49460000000000004
1065,5.0,74,0,5,0.49412500000000004
1066,5.0,69,0,5,0.49365000000000003
1067,5.0,47,0,5,0.49317500000000003
1068,5.0,43,0,5,0.4927
1069,5.0,45,0,5,0.492225
1070,5.0,39,0,5,0.49175
1071,5.0,42,0,5,0.491275
1072,3.0,300,0,3,0.4908
1073,5.0,75,0,5,0.490325
1074,5.0,79,0,5,0.48985
1075,5.0,58,0,5,0.489375
1076,5.0,54,0,5,0.4889
1077,5.0,65,0,5,0.488425
1078,5.0,52,0,5,0.48795
1079,5.0,56,0,5,0.487475
1080,5.0,63,0,5,0.487
1081,5.0,58,0,5,0.4865250000000001
1082,5.0,82,0,5,0.48605
1083,5.0,65,0,5,0.4855750000000001
1084,5.0,55,0,5,0.4851
1085,5.0,86,0,5,0.4846250000000001
1086,5.0,50,0,5,0.48414999999999997
1087,5.0,42,0,5,0.4836750000000001
1088,5.0,59,0,5,0.48319999999999996
1089,5.0,59,0,5,0.48272500000000007
1090,5.0,69,0,5,0.48224999999999996
1091,5.0,69,0,5,0.48177500000000006
1092,5.0,72,0,5,0.48129999999999995
1093,5.0,43,0,5,0.48082500000000006
1094,5.0,67,0,5,0.48034999999999994
1095,5.0,67,0,5,0.47987500000000005
1096,5.0,88,0,5,0.47939999999999994
1097,5.0,82,0,5,0.47892500000000005
1098,5.0,54,0,5,0.47844999999999993
1099,5.0,44,0,5,0.47797500000000004
1100,5.0,51,0,5,0.47750000000000004
1101,5.0,61,0,5,0.47702500000000003
1102,5.0,72,0,5,0.47655000000000003
1103,5.0,63,0,5,0.476075
1104,5.0,55,0,5,0.4756
1105,5.0,69,0,5,0.475125
1106,5.0,56,0,5,0.47465
1107,5.0,49,0,5,0.474175
1108,5.0,58,0,5,0.4737
1109,5.0,35,0,5,0.473225
1110,5.0,43,0,5,0.47275
1111,5.0,65,0,5,0.472275
1112,5.0,60,0,5,0.4718
1113,5.0,37,0,5,0.471325
1114,5.0,61,0,5,0.47085
1115,5.0,57,0,5,0.470375
1116,5.0,44,0,5,0.4699
1117,5.0,46,0,5,0.469425
1118,5.0,73,0,5,0.46895
1119,5.0,64,0,5,0.468475
1120,5.0,59,0,5,0.46799999999999997
1121,5.0,45,0,5,0.4675250000000001
1122,5.0,49,0,5,0.46704999999999997
1123,5.0,38,0,5,0.4665750000000001
1124,5.0,47,0,5,0.46609999999999996
1125,5.0,45,0,5,0.46562500000000007
1126,5.0,53,0,5,0.46515000000000006
1127,5.0,58,0,5,0.46467500000000006
1128,5.0,46,0,5,0.46420000000000006
1129,5.0,59,0,5,0.46372500000000005
1130,5.0,41,0,5,0.46325000000000005
1131,5.0,56,0,5,0.46277500000000005
1132,5.0,33,0,5,0.46230000000000004
1133,5.0,67,0,5,0.46182500000000004
1134,5.0,47,0,5,0.46135000000000004
1135,5.0,83,0,5,0.46087500000000003
1136,5.0,56,0,5,0.46040000000000003
1137,5.0,39,0,5,0.45992500000000003
1138,5.0,65,0,5,0.45945
1139,5.0,79,0,5,0.458975
1140,5.0,58,0,5,0.4585
1141,5.0,38,0,5,0.458025
1142,5.0,46,0,5,0.4575500000000001
1143,5.0,56,0,5,0.457075
1144,5.0,69,0,5,0.4566000000000001
1145,5.0,64,0,5,0.456125
1146,5.0,58,0,5,0.4556500000000001
1147,5.0,73,0,5,0.455175
1148,5.0,40,0,5,0.4547000000000001
1149,5.0,39,0,5,0.454225
1150,5.0,50,0,5,0.4537500000000001
1151,5.0,56,0,5,0.453275
1152,5.0,50,0,5,0.4528000000000001
1153,5.0,54,0,5,0.452325
1154,5.0,37,0,5,0.4518500000000001
1155,5.0,63,0,5,0.45137499999999997
1156,5.0,85,0,5,0.4509000000000001
1157,5.0,81,0,5,0.45042499999999996
1158,5.0,52,0,5,0.44995000000000007
1159,5.0,47,0,5,0.44947499999999996
1160,5.0,72,0,5,0.44900000000000007
1161,5.0,63,0,5,0.44852500000000006
1162,5.0,49,0,5,0.44805000000000006
1163,5.0,56,0,5,0.44757500000000006
1164,5.0,42,0,5,0.44710000000000005
1165,5.0,47,0,5,0.44662500000000005
1166,5.0,53,0,5,0.44615000000000005
1167,5.0,58,0,5,0.44567500000000004
1168,5.0,87,0,5,0.44520000000000004
1169,5.0,65,0,5,0.44472500000000004
1170,5.0,45,0,5,0.44425000000000003
1171,5.0,51,0,5,0.44377500000000003
1172,5.0,39,0,5,0.4433
1173,5.0,44,0,5,0.442825
1174,5.0,42,0,5,0.44235
1175,5.0,44,0,5,0.441875
1176,5.0,51,0,5,0.4414
1177,5.0,50,0,5,0.440925
1178,5.0,44,0,5,0.44045
1179,5.0,41,0,5,0.439975
1180,5.0,38,0,5,0.4395
1181,5.0,50,0,5,0.439025
1182,5.0,52,0,5,0.4385500000000001
1183,5.0,66,0,5,0.438075
1184,5.0,55,0,5,0.4376000000000001
1185,5.0,59,0,5,0.437125
1186,5.0,54,0,5,0.4366500000000001
1187,5.0,48,0,5,0.436175
1188,5.0,54,0,5,0.4357000000000001
1189,5.0,42,0,5,0.435225
1190,5.0,50,0,5,0.4347500000000001
1191,5.0,40,0,5,0.43427499999999997
1192,5.0,29,0,5,0.4338000000000001
1193,5.0,33,0,5,0.43332499999999996
1194,5.0,46,0,5,0.43285000000000007
1195,5.0,73,0,5,0.43237499999999995
1196,5.0,69,0,5,0.43190000000000006
1197,5.0,36,0,5,0.43142499999999995
1198,5.0,47,0,5,0.43095000000000006
1199,5.0,49,0,5,0.43047499999999994
1200,5.0,41,0,5,0.43000000000000005
1201,5.0,51,0,5,0.42952500000000005
1202,5.0,63,0,5,0.42905000000000004
1203,5.0,43,0,5,0.42857500000000004
1204,5.0,48,0,5,0.42810000000000004
1205,5.0,49,0,5,0.42762500000000003
1206,5.0,55,0,5,0.42715000000000003
1207,5.0,56,0,5,0.426675
1208,5.0,60,0,5,0.4262
1209,5.0,46,0,5,0.425725
1210,5.0,56,0,5,0.42525
1211,5.0,55,0,5,0.424775
1212,5.0,46,0,5,0.4243
1213,5.0,55,0,5,0.423825
1214,5.0,51,0,5,0.42335
1215,5.0,43,0,5,0.422875
1216,5.0,69,0,5,0.4224
1217,5.0,43,0,5,0.421925
1218,5.0,34,0,5,0.42145
1219,5.0,51,0,5,0.420975
1220,5.0,37,0,5,0.4205
1221,5.0,43,0,5,0.420025
1222,5.0,39,0,5,0.4195500000000001
1223,5.0,45,0,5,0.419075
1224,5.0,44,0,5,0.4186000000000001
1225,5.0,67,0,5,0.41812499999999997
1226,5.0,58,0,5,0.4176500000000001
1227,5.0,41,0,5,0.41717499999999996
1228,5.0,45,0,5,0.41670000000000007
1229,5.0,66,0,5,0.41622499999999996
1230,5.0,42,0,5,0.41575000000000006
1231,5.0,47,0,5,0.41527499999999995
1232,5.0,37,0,5,0.41480000000000006
1233,5.0,38,0,5,0.41432499999999994
1234,5.0,49,0,5,0.41385000000000005
1235,5.0,63,0,5,0.41337499999999994
1236,5.0,43,0,5,0.41290000000000004
1237,5.0,58,0,5,0.41242499999999993
1238,5.0,47,0,5,0.41195000000000004
1239,5.0,56,0,5,0.4114749999999999
1240,5.0,47,0,5,0.41100000000000003
1241,5.0,30,0,5,0.41052500000000003
1242,5.0,58,0,5,0.41005
1243,5.0,56,0,5,0.409575
1244,5.0,63,0,5,0.4091
1245,5.0,69,0,5,0.408625
1246,5.0,42,0,5,0.40815
1247,5.0,43,0,5,0.407675
1248,5.0,50,0,5,0.4072
1249,5.0,40,0,5,0.406725
1250,5.0,40,0,5,0.40625
1251,5.0,38,0,5,0.4057750000000001
1252,5.0,52,0,5,0.4053
1253,5.0,53,0,5,0.4048250000000001
1254,5.0,85,0,5,0.40435
1255,5.0,57,0,5,0.4038750000000001
1256,5.0,52,0,5,0.4034
1257,5.0,35,0,5,0.4029250000000001
1258,5.0,47,0,5,0.40245
1259,5.0,43,0,5,0.4019750000000001
1260,5.0,48,0,5,0.4015000000000001
1261,5.0,38,0,5,0.4010250000000001
1262,5.0,90,0,5,0.4005500000000001
1263,5.0,49,0,5,0.40007500000000007
1264,5.0,48,0,5,0.39960000000000007
1265,5.0,38,0,5,0.39912500000000006
1266,5.0,42,0,5,0.39865000000000006
1267,5.0,36,0,5,0.39817500000000006
1268,5.0,60,0,5,0.39770000000000005
1269,5.0,41,0,5,0.39722500000000005
1270,5.0,35,0,5,0.39675000000000005
1271,5.0,41,0,5,0.39627500000000004
1272,5.0,46,0,5,0.39580000000000004
1273,5.0,51,0,5,0.39532500000000004
1274,5.0,39,0,5,0.39485000000000003
1275,5.0,45,0,5,0.39437500000000003
1276,5.0,39,0,5,0.39390000000000003
1277,5.0,37,0,5,0.393425
1278,5.0,29,0,5,0.39295
1279,5.0,54,0,5,0.392475
1280,5.0,65,0,5,0.392
1281,5.0,44,0,5,0.3915250000000001
1282,5.0,59,0,5,0.39105
1283,5.0,39,0,5,0.3905750000000001
1284,5.0,59,0,5,0.3901
1285,5.0,71,0,5,0.3896250000000001
1286,5.0,61,0,5,0.38915
1287,5.0,41,0,5,0.3886750000000001
1288,5.0,59,0,5,0.3882
1289,5.0,45,0,5,0.3877250000000001
1290,5.0,67,0,5,0.38725
1291,5.0,51,0,5,0.3867750000000001
1292,5.0,68,0,5,0.3863
1293,5.0,49,0,5,0.3858250000000001
1294,5.0,40,0,5,0.38534999999999997
1295,5.0,55,0,5,0.3848750000000001
1296,5.0,59,0,5,0.38439999999999996
1297,5.0,51,0,5,0.38392500000000007
1298,5.0,38,0,5,0.38344999999999996
1299,5.0,58,0,5,0.38297500000000007
1300,5.0,34,0,5,0.38250000000000006
1301,5.0,54,0,5,0.38202500000000006
1302,5.0,62,0,5,0.38155000000000006
1303,5.0,59,0,5,0.38107500000000005
1304,5.0,39,0,5,0.38060000000000005
1305,5.0,57,0,5,0.38012500000000005
1306,5.0,30,0,5,0.37965000000000004
1307,5.0,37,0,5,0.37917500000000004
1308,5.0,47,0,5,0.37870000000000004
1309,5.0,60,0,5,0.37822500000000003
1310,5.0,35,0,5,0.37775000000000003
1311,5.0,54,0,5,0.377275
1312,5.0,42,0,5,0.3768
1313,5.0,49,0,5,0.376325
1314,5.0,59,0,5,0.37585
1315,5.0,42,0,5,0.375375
1316,5.0,66,0,5,0.3749
1317,5.0,58,0,5,0.374425
1318,5.0,53,0,5,0.37395
1319,5.0,35,0,5,0.373475
1320,5.0,42,0,5,0.373
1321,5.0,46,0,5,0.3725250000000001
1322,5.0,32,0,5,0.37205
1323,5.0,40,0,5,0.3715750000000001
1324,5.0,62,0,5,0.3711
1325,5.0,46,0,5,0.3706250000000001
1326,5.0,40,0,5,0.37015
1327,5.0,52,0,5,0.3696750000000001
1328,5.0,37,0,5,0.3692
1329,5.0,44,0,5,0.3687250000000001
1330,5.0,41,0,5,0.36824999999999997
1331,5.0,55,0,5,0.3677750000000001
1332,5.0,44,0,5,0.36729999999999996
1333,5.0,39,0,5,0.36682500000000007
1334,5.0,35,0,5,0.36634999999999995
1335,5.0,46,0,5,0.36587500000000006
1336,5.0,37,0,5,0.36539999999999995
1337,5.0,52,0,5,0.36492500000000005
1338,5.0,41,0,5,0.36444999999999994
1339,5.0,42,0,5,0.36397500000000005
1340,5.0,44,0,5,0.36350000000000005
1341,5.0,43,0,5,0.36302500000000004
1342,5.0,47,0,5,0.36255000000000004
1343,5.0,47,0,5,0.36207500000000004
1344,5.0,36,0,5,0.36160000000000003
1345,5.0,41,0,5,0.36112500000000003
1346,5.0,30,0,5,0.36065
1347,5.0,51,0,5,0.360175
1348,5.0,40,0,5,0.3597
1349,5.0,60,0,5,0.359225
1350,5.0,48,0,5,0.35875
1351,5.0,63,0,5,0.358275
1352,5.0,41,0,5,0.3578
1353,5.0,32,0,5,0.357325
1354,5.0,43,0,5,0.35685
1355,5.0,37,0,5,0.356375
1356,5.0,41,0,5,0.3559
1357,5.0,40,0,5,0.355425
1358,5.0,48,0,5,0.35495
1359,5.0,33,0,5,0.354475
1360,5.0,53,0,5,0.354
1361,5.0,37,0,5,0.3535250000000001
1362,5.0,45,0,5,0.35305
1363,5.0,46,0,5,0.3525750000000001
1364,5.0,52,0,5,0.35209999999999997
1365,5.0,47,0,5,0.3516250000000001
1366,5.0,50,0,5,0.35114999999999996
1367,5.0,33,0,5,0.35067500000000007
1368,5.0,50,0,5,0.35019999999999996
1369,5.0,35,0,5,0.34972500000000006
1370,5.0,55,0,5,0.34924999999999995
1371,5.0,62,0,5,0.34877500000000006
1372,5.0,43,0,5,0.34829999999999994
1373,5.0,40,0,5,0.34782500000000005
1374,5.0,57,0,5,0.34734999999999994
1375,5.0,44,0,5,0.34687500000000004
1376,5.0,45,0,5,0.34640000000000004
1377,5.0,49,0,5,0.34592500000000004
1378,5.0,41,0,5,0.34545000000000003
1379,5.0,47,0,5,0.34497500000000003
1380,5.0,46,0,5,0.34450000000000003
1381,5.0,41,0,5,0.344025
1382,5.0,46,0,5,0.34355000000000013
1383,5.0,35,0,5,0.343075
1384,5.0,53,0,5,0.3426000000000001
1385,5.0,45,0,5,0.342125
1386,5.0,37,0,5,0.3416500000000001
1387,5.0,45,0,5,0.341175
1388,5.0,39,0,5,0.3407000000000001
1389,5.0,34,0,5,0.340225
1390,5.0,40,0,5,0.3397500000000001
1391,5.0,37,0,5,0.339275
1392,5.0,33,0,5,0.3388000000000001
1393,5.0,33,0,5,0.338325
1394,5.0,47,0,5,0.3378500000000001
1395,5.0,54,0,5,0.337375
1396,5.0,52,0,5,0.3369000000000001
1397,5.0,56,0,5,0.336425
1398,5.0,37,0,5,0.3359500000000001
1399,5.0,34,0,5,0.33547499999999997
1400,5.0,45,0,5,0.3350000000000001
1401,5.0,36,0,5,0.3345250000000001
1402,5.0,46,0,5,0.33405000000000007
1403,5.0,33,0,5,0.33357500000000007
1404,5.0,48,0,5,0.33310000000000006
1405,5.0,47,0,5,0.33262500000000006
1406,5.0,62,0,5,0.33215000000000006
1407,5.0,45,0,5,0.33167500000000005
1408,5.0,35,0,5,0.33120000000000005
1409,5.0,37,0,5,0.33072500000000005
1410,5.0,38,0,5,0.33025000000000004
1411,5.0,48,0,5,0.32977500000000004
1412,5.0,62,0,5,0.32930000000000004
1413,5.0,29,0,5,0.32882500000000003
1414,5.0,45,0,5,0.32835000000000003
1415,5.0,51,0,5,0.327875
1416,5.0,39,0,5,0.3274
1417,5.0,33,0,5,0.326925
1418,5.0,59,0,5,0.32645
1419,5.0,33,0,5,0.325975
1420,5.0,41,0,5,0.3255
1421,5.0,43,0,5,0.325025
1422,5.0,41,0,5,0.3245500000000001
1423,5.0,33,0,5,0.324075
1424,5.0,43,0,5,0.3236000000000001
1425,5.0,45,0,5,0.323125
1426,5.0,46,0,5,0.3226500000000001
1427,5.0,31,0,5,0.322175
1428,5.0,43,0,5,0.3217000000000001
1429,5.0,46,0,5,0.321225
1430,5.0,41,0,5,0.3207500000000001
1431,5.0,49,0,5,0.320275
1432,5.0,36,0,5,0.3198000000000001
1433,5.0,50,0,5,0.31932499999999997
1434,5.0,38,0,5,0.3188500000000001
1435,5.0,40,0,5,0.31837499999999996
1436,5.0,35,0,5,0.31790000000000007
1437,5.0,36,0,5,0.31742499999999996
1438,5.0,38,0,5,0.31695000000000007
1439,5.0,51,0,5,0.31647499999999995
1440,5.0,32,0,5,0.31600000000000006
1441,5.0,31,0,5,0.31552500000000006
1442,5.0,37,0,5,0.31505000000000005
1443,5.0,40,0,5,0.31457500000000005
1444,5.0,35,0,5,0.31410000000000005
1445,5.0,53,0,5,0.31362500000000004
1446,5.0,39,0,5,0.31315000000000004
1447,5.0,42,0,5,0.31267500000000004
1448,5.0,35,0,5,0.31220000000000003
1449,5.0,32,0,5,0.31172500000000003
1450,5.0,36,0,5,0.31125
1451,5.0,45,0,5,0.310775
1452,5.0,39,0,5,0.3103
1453,5.0,39,0,5,0.309825
1454,5.0,32,0,5,0.30935
1455,5.0,34,0,5,0.308875
1456,5.0,52,0,5,0.3084
1457,5.0,42,0,5,0.307925
1458,5.0,47,0,5,0.30745
1459,5.0,32,0,5,0.306975
1460,5.0,64,0,5,0.3065
1461,5.0,36,0,5,0.306025
1462,5.0,29,0,5,0.3055500000000001
1463,5.0,39,0,5,0.305075
1464,5.0,45,0,5,0.3046000000000001
1465,5.0,35,0,5,0.304125
1466,5.0,31,0,5,0.3036500000000001
1467,5.0,37,0,5,0.303175
1468,5.0,30,0,5,0.3027000000000001
1469,5.0,45,0,5,0.30222499999999997
1470,5.0,44,0,5,0.3017500000000001
1471,5.0,31,0,5,0.30127499999999996
1472,5.0,45,0,5,0.30080000000000007
1473,5.0,29,0,5,0.30032499999999995
1474,5.0,41,0,5,0.29985000000000006
1475,5.0,35,0,5,0.29937499999999995
1476,5.0,39,0,5,0.29890000000000005
1477,5.0,41,0,5,0.29842499999999994
1478,5.0,39,0,5,0.29795000000000005
1479,5.0,35,0,5,0.29747499999999993
1480,5.0,32,0,5,0.29700000000000004
1481,5.0,33,0,5,0.29652500000000004
1482,5.0,55,0,5,0.29605000000000004
1483,5.0,47,0,5,0.29557500000000003
1484,5.0,34,0,5,0.29510000000000003
1485,5.0,31,0,5,0.294625
1486,5.0,38,0,5,0.29415
1487,5.0,50,0,5,0.293675
1488,5.0,41,0,5,0.2932
1489,5.0,46,0,5,0.292725
1490,5.0,37,0,5,0.29225
1491,5.0,30,0,5,0.291775
1492,5.0,29,0,5,0.2913
1493,5.0,44,0,5,0.290825
1494,5.0,43,0,5,0.29035
1495,5.0,37,0,5,0.289875
1496,5.0,38,0,5,0.2894
1497,5.0,32,0,5,0.288925
1498,5.0,32,0,5,0.28845
1499,5.0,33,0,5,0.287975
1500,5.0,38,0,5,0.2875000000000001
1501,5.0,38,0,5,0.2870250000000001
1502,5.0,47,0,5,0.2865500000000001
1503,5.0,44,0,5,0.2860750000000001
1504,5.0,50,0,5,0.2856000000000001
1505,5.0,31,0,5,0.2851250000000001
1506,5.0,33,0,5,0.28465000000000007
1507,5.0,40,0,5,0.28417500000000007
1508,5.0,41,0,5,0.28370000000000006
1509,5.0,31,0,5,0.28322500000000006
1510,5.0,35,0,5,0.28275000000000006
1511,5.0,39,0,5,0.28227500000000005
1512,5.0,43,0,5,0.28180000000000005
1513,5.0,36,0,5,0.28132500000000005
1514,5.0,39,0,5,0.28085000000000004
1515,5.0,51,0,5,0.28037500000000004
1516,5.0,33,0,5,0.27990000000000004
1517,5.0,44,0,5,0.27942500000000003
1518,5.0,48,0,5,0.27895000000000003
1519,5.0,29,0,5,0.27847500000000003
1520,5.0,42,0,5,0.278
1521,5.0,39,0,5,0.27752500000000013
1522,5.0,37,0,5,0.27705
1523,5.0,38,0,5,0.2765750000000001
1524,5.0,33,0,5,0.2761
1525,5.0,36,0,5,0.2756250000000001
1526,5.0,41,0,5,0.27515
1527,5.0,31,0,5,0.2746750000000001
1528,5.0,32,0,5,0.2742
1529,5.0,30,0,5,0.2737250000000001
1530,5.0,51,0,5,0.27325
1531,5.0,34,0,5,0.2727750000000001
1532,5.0,33,0,5,0.2723
1533,5.0,31,0,5,0.2718250000000001
1534,5.0,31,0,5,0.27135
1535,5.0,40,0,5,0.2708750000000001
1536,5.0,43,0,5,0.2704
1537,5.0,49,0,5,0.2699250000000001
1538,5.0,43,0,5,0.26944999999999997
1539,5.0,31,0,5,0.2689750000000001
1540,5.0,32,0,5,0.26850000000000007
1541,5.0,29,0,5,0.26802500000000007
1542,5.0,42,0,5,0.26755000000000007
1543,5.0,47,0,5,0.26707500000000006
1544,5.0,37,0,5,0.26660000000000006
1545,5.0,34,0,5,0.26612500000000006
1546,5.0,42,0,5,0.26565000000000005
1547,5.0,27,0,5,0.26517500000000005
1548,5.0,33,0,5,0.26470000000000005
1549,5.0,31,0,5,0.26422500000000004
1550,5.0,35,0,5,0.26375000000000004
1551,5.0,35,0,5,0.26327500000000004
1552,5.0,35,0,5,0.26280000000000003
1553,5.0,31,0,5,0.26232500000000003
1554,5.0,33,0,5,0.26185
1555,5.0,38,0,5,0.261375
1556,5.0,31,0,5,0.2609
1557,5.0,31,0,5,0.260425
1558,5.0,50,0,5,0.25995
1559,5.0,39,0,5,0.259475
1560,5.0,35,0,5,0.259
1561,5.0,41,0,5,0.2585250000000001
1562,5.0,33,0,5,0.25805
1563,5.0,35,0,5,0.2575750000000001
1564,5.0,54,0,5,0.2571
1565,5.0,46,0,5,0.2566250000000001
1566,5.0,41,0,5,0.25615
1567,5.0,33,0,5,0.2556750000000001
1568,5.0,37,0,5,0.2552
1569,5.0,44,0,5,0.2547250000000001
1570,5.0,33,0,5,0.25425
1571,5.0,42,0,5,0.2537750000000001
1572,5.0,32,0,5,0.25329999999999997
1573,5.0,33,0,5,0.2528250000000001
1574,5.0,43,0,5,0.25234999999999996
1575,5.0,29,0,5,0.25187500000000007
1576,5.0,37,0,5,0.25139999999999996
1577,5.0,43,0,5,0.25092500000000006
1578,5.0,41,0,5,0.25044999999999995
1579,5.0,43,0,5,0.24997500000000006
1580,5.0,27,0,5,0.24950000000000006
1581,5.0,34,0,5,0.24902500000000005
1582,5.0,34,0,5,0.24855000000000005
1583,5.0,44,0,5,0.24807500000000005
1584,5.0,41,0,5,0.24760000000000004
1585,5.0,31,0,5,0.24712500000000004
1586,5.0,31,0,5,0.24665000000000004
1587,5.0,39,0,5,0.24617500000000003
1588,5.0,33,0,5,0.24570000000000003
1589,5.0,33,0,5,0.24522500000000003
1590,5.0,32,0,5,0.24475000000000002
1591,5.0,38,0,5,0.24427500000000002
1592,5.0,40,0,5,0.24380000000000002
1593,5.0,46,0,5,0.243325
1594,5.0,34,0,5,0.24285
1595,5.0,29,0,5,0.242375
1596,5.0,37,0,5,0.2419
1597,5.0,25,0,5,0.241425
1598,5.0,48,0,5,0.24095
1599,5.0,37,0,5,0.240475
1600,5.0,27,0,5,0.24
1601,5.0,35,0,5,0.2395250000000001
1602,5.0,35,0,5,0.23904999999999998
1603,5.0,35,0,5,0.2385750000000001
1604,5.0,55,0,5,0.23809999999999998
1605,5.0,35,0,5,0.2376250000000001
1606,5.0,31,0,5,0.23714999999999997
1607,5.0,29,0,5,0.23667500000000008
1608,5.0,28,0,5,0.23619999999999997
1609,5.0,31,0,5,0.23572500000000007
1610,5.0,39,0,5,0.23524999999999996
1611,5.0,32,0,5,0.23477500000000007
1612,5.0,35,0,5,0.23429999999999995
1613,5.0,35,0,5,0.23382500000000006
1614,5.0,35,0,5,0.23334999999999995
1615,5.0,36,0,5,0.23287500000000005
1616,5.0,27,0,5,0.23239999999999994
1617,5.0,42,0,5,0.23192500000000005
1618,5.0,35,0,5,0.23144999999999993
1619,5.0,41,0,5,0.23097500000000004
1620,5.0,31,0,5,0.23050000000000004
1621,5.0,35,0,5,0.23002500000000003
1622,5.0,27,0,5,0.22955000000000003
1623,5.0,29,0,5,0.22907500000000003
1624,5.0,53,0,5,0.22860000000000003
1625,5.0,33,0,5,0.22812500000000002
1626,5.0,31,0,5,0.22765000000000013
1627,5.0,35,0,5,0.22717500000000002
1628,5.0,33,0,5,0.22670000000000012
1629,5.0,34,0,5,0.226225
1630,5.0,35,0,5,0.22575000000000012
1631,5.0,31,0,5,0.225275
1632,5.0,35,0,5,0.2248000000000001
1633,5.0,31,0,5,0.224325
1634,5.0,30,0,5,0.2238500000000001
1635,5.0,33,0,5,0.223375
1636,5.0,35,0,5,0.2229000000000001
1637,5.0,29,0,5,0.22242499999999998
1638,5.0,37,0,5,0.2219500000000001
1639,5.0,35,0,5,0.22147499999999998
1640,5.0,36,0,5,0.22100000000000009
1641,5.0,36,0,5,0.22052500000000008
1642,5.0,37,0,5,0.22005000000000008
1643,5.0,37,0,5,0.21957500000000008
1644,5.0,36,0,5,0.21910000000000007
1645,5.0,50,0,5,0.21862500000000007
1646,5.0,33,0,5,0.21815000000000007
1647,5.0,31,0,5,0.21767500000000006
1648,5.0,31,0,5,0.21720000000000006
1649,5.0,35,0,5,0.21672500000000006
1650,5.0,33,0,5,0.21625000000000005
1651,5.0,25,0,5,0.21577500000000005
1652,5.0,37,0,5,0.21530000000000005
1653,5.0,29,0,5,0.21482500000000004
1654,5.0,44,0,5,0.21435000000000004
1655,5.0,33,0,5,0.21387500000000004
1656,5.0,37,0,5,0.21340000000000003
1657,5.0,31,0,5,0.21292500000000003
1658,5.0,37,0,5,0.21245000000000003
1659,5.0,50,0,5,0.21197500000000002
1660,5.0,31,0,5,0.21150000000000002
1661,5.0,35,0,5,0.21102500000000002
1662,5.0,29,0,5,0.21055000000000013
1663,5.0,35,0,5,0.210075
1664,5.0,27,0,5,0.20960000000000012
1665,5.0,43,0,5,0.209125
1666,5.0,45,0,5,0.2086500000000001
1667,5.0,36,0,5,0.208175
1668,5.0,29,0,5,0.2077000000000001
1669,5.0,41,0,5,0.207225
1670,5.0,38,0,5,0.2067500000000001
1671,5.0,31,0,5,0.206275
1672,5.0,25,0,5,0.2058000000000001
1673,5.0,35,0,5,0.20532499999999998
1674,5.0,37,0,5,0.2048500000000001
1675,5.0,35,0,5,0.20437499999999997
1676,5.0,29,0,5,0.20390000000000008
1677,5.0,34,0,5,0.20342499999999997
1678,5.0,43,0,5,0.20295000000000007
1679,5.0,38,0,5,0.20247499999999996
1680,5.0,32,0,5,0.20200000000000007
1681,5.0,25,0,5,0.20152500000000007
1682,5.0,38,0,5,0.20105000000000006
1683,5.0,40,0,5,0.20057500000000006
1684,5.0,27,0,5,0.20010000000000006
1685,5.0,29,0,5,0.19962500000000005
1686,5.0,39,0,5,0.19915000000000005
1687,5.0,29,0,5,0.19867500000000005
1688,5.0,36,0,5,0.19820000000000004
1689,5.0,40,0,5,0.19772500000000004
1690,5.0,29,0,5,0.19725000000000004
1691,5.0,37,0,5,0.19677500000000003
1692,5.0,29,0,5,0.19630000000000003
1693,5.0,35,0,5,0.19582500000000003
1694,5.0,39,0,5,0.19535000000000002
1695,5.0,32,0,5,0.19487500000000002
1696,5.0,37,0,5,0.19440000000000002
1697,5.0,33,0,5,0.19392500000000001
1698,5.0,33,0,5,0.19345
1699,5.0,31,0,5,0.192975
1700,5.0,39,0,5,0.1925
1701,5.0,25,0,5,0.192025
1702,5.0,39,0,5,0.1915500000000001
1703,5.0,38,0,5,0.191075
1704,5.0,29,0,5,0.1906000000000001
1705,5.0,37,0,5,0.190125
1706,5.0,35,0,5,0.1896500000000001
1707,5.0,34,0,5,0.18917499999999998
1708,5.0,40,0,5,0.1887000000000001
1709,5.0,36,0,5,0.18822499999999998
1710,5.0,32,0,5,0.18775000000000008
1711,5.0,39,0,5,0.18727499999999997
1712,5.0,30,0,5,0.18680000000000008
1713,5.0,27,0,5,0.18632499999999996
1714,5.0,37,0,5,0.18585000000000007
1715,5.0,31,0,5,0.18537499999999996
1716,5.0,32,0,5,0.18490000000000006
1717,5.0,37,0,5,0.18442499999999995
1718,5.0,33,0,5,0.18395000000000006
1719,5.0,33,0,5,0.18347499999999994
1720,5.0,31,0,5,0.18300000000000005
1721,5.0,29,0,5,0.18252500000000005
1722,5.0,26,0,5,0.18205000000000005
1723,5.0,29,0,5,0.18157500000000004
1724,5.0,31,0,5,0.18110000000000004
1725,5.0,37,0,5,0.18062500000000004
1726,5.0,33,0,5,0.18015000000000003
1727,5.0,35,0,5,0.17967500000000003
1728,5.0,29,0,5,0.17920000000000003
1729,5.0,33,0,5,0.17872500000000002
1730,5.0,36,0,5,0.17825000000000002
1731,5.0,32,0,5,0.17777500000000002
1732,5.0,33,0,5,0.1773
1733,5.0,37,0,5,0.176825
1734,5.0,31,0,5,0.17635
1735,5.0,27,0,5,0.175875
1736,5.0,35,0,5,0.1754
1737,5.0,31,0,5,0.174925
1738,5.0,27,0,5,0.17445
1739,5.0,31,0,5,0.173975
1740,5.0,35,0,5,0.1735
1741,5.0,33,0,5,0.17302499999999998
1742,5.0,27,0,5,0.1725500000000001
1743,5.0,37,0,5,0.17207499999999998
1744,5.0,25,0,5,0.17160000000000009
1745,5.0,27,0,5,0.17112499999999997
1746,5.0,25,0,5,0.17065000000000008
1747,5.0,27,0,5,0.17017499999999997
1748,5.0,29,0,5,0.16970000000000007
1749,5.0,39,0,5,0.16922499999999996
1750,5.0,27,0,5,0.16875000000000007
1751,5.0,30,0,5,0.16827500000000006
1752,5.0,27,0,5,0.16780000000000006
1753,5.0,35,0,5,0.16732500000000006
1754,5.0,31,0,5,0.16685000000000005
1755,5.0,30,0,5,0.16637500000000005
1756,5.0,32,0,5,0.16590000000000005
1757,5.0,38,0,5,0.16542500000000004
1758,5.0,29,0,5,0.16495000000000004
1759,5.0,27,0,5,0.16447500000000004
1760,5.0,29,0,5,0.16400000000000003
1761,5.0,28,0,5,0.16352500000000014
1762,5.0,27,0,5,0.16305000000000003
1763,5.0,35,0,5,0.16257500000000014
1764,5.0,29,0,5,0.16210000000000002
1765,5.0,31,0,5,0.16162500000000013
1766,5.0,29,0,5,0.16115000000000002
1767,5.0,31,0,5,0.16067500000000012
1768,5.0,25,0,5,0.1602
1769,5.0,29,0,5,0.15972500000000012
1770,5.0,25,0,5,0.15925
1771,5.0,31,0,5,0.1587750000000001
1772,5.0,35,0,5,0.1583
1773,5.0,27,0,5,0.1578250000000001
1774,5.0,25,0,5,0.15735
1775,5.0,29,0,5,0.1568750000000001
1776,5.0,27,0,5,0.15639999999999998
1777,5.0,31,0,5,0.1559250000000001
1778,5.0,33,0,5,0.15544999999999998
1779,5.0,31,0,5,0.15497500000000008
1780,5.0,29,0,5,0.15450000000000008
1781,5.0,26,0,5,0.15402500000000008
1782,5.0,29,0,5,0.15355000000000008
1783,5.0,39,0,5,0.15307500000000007
1784,5.0,25,0,5,0.15260000000000007
1785,5.0,29,0,5,0.15212500000000007
1786,5.0,29,0,5,0.15165000000000006
1787,5.0,35,0,5,0.15117500000000006
1788,5.0,31,0,5,0.15070000000000006
1789,5.0,31,0,5,0.15022500000000005
1790,5.0,33,0,5,0.14975000000000005
1791,5.0,29,0,5,0.14927500000000005
1792,5.0,25,0,5,0.14880000000000004
1793,5.0,30,0,5,0.14832500000000004
1794,5.0,31,0,5,0.14785000000000004
1795,5.0,31,0,5,0.14737500000000003
1796,5.0,31,0,5,0.14690000000000003
1797,5.0,45,0,5,0.14642500000000003
1798,5.0,31,0,5,0.14595000000000002
1799,5.0,29,0,5,0.14547500000000002
1800,5.0,41,0,5,0.14500000000000002
1801,5.0,33,0,5,0.14452500000000013
1802,5.0,31,0,5,0.14405
1803,5.0,36,0,5,0.14357500000000012
1804,5.0,28,0,5,0.1431
1805,5.0,29,0,5,0.1426250000000001
1806,5.0,31,0,5,0.14215
1807,5.0,29,0,5,0.1416750000000001
1808,5.0,27,0,5,0.1412
1809,5.0,35,0,5,0.1407250000000001
1810,5.0,28,0,5,0.14024999999999999
1811,5.0,31,0,5,0.1397750000000001
1812,5.0,27,0,5,0.13929999999999998
1813,5.0,25,0,5,0.1388250000000001
1814,5.0,27,0,5,0.13834999999999997
1815,5.0,25,0,5,0.13787500000000008
1816,5.0,25,0,5,0.13739999999999997
1817,5.0,35,0,5,0.13692500000000007
1818,5.0,31,0,5,0.13644999999999996
1819,5.0,27,0,5,0.13597500000000007
1820,5.0,31,0,5,0.13550000000000006
1821,5.0,31,0,5,0.13502500000000006
1822,5.0,25,0,5,0.13455000000000006
1823,5.0,31,0,5,0.13407500000000006
1824,5.0,29,0,5,0.13360000000000005
1825,5.0,27,0,5,0.13312500000000005
1826,5.0,25,0,5,0.13265000000000005
1827,5.0,25,0,5,0.13217500000000004
1828,5.0,32,0,5,0.13170000000000004
1829,5.0,31,0,5,0.13122500000000004
1830,5.0,27,0,5,0.13075000000000003
1831,5.0,29,0,5,0.13027500000000003
1832,5.0,33,0,5,0.12980000000000003
1833,5.0,35,0,5,0.12932500000000002
1834,5.0,25,0,5,0.12885000000000002
1835,5.0,35,0,5,0.12837500000000002
1836,5.0,36,0,5,0.1279
1837,5.0,29,0,5,0.127425
1838,5.0,29,0,5,0.12695
1839,5.0,33,0,5,0.126475
1840,5.0,35,0,5,0.126
1841,5.0,33,0,5,0.1255250000000001
1842,5.0,33,0,5,0.12505
1843,5.0,37,0,5,0.1245750000000001
1844,5.0,42,0,5,0.12409999999999999
1845,5.0,31,0,5,0.1236250000000001
1846,5.0,27,0,5,0.12314999999999998
1847,5.0,29,0,5,0.12267500000000009
1848,5.0,31,0,5,0.12219999999999998
1849,5.0,27,0,5,0.12172500000000008
1850,5.0,27,0,5,0.12124999999999997
1851,5.0,35,0,5,0.12077500000000008
1852,5.0,27,0,5,0.12029999999999996
1853,5.0,29,0,5,0.11982500000000007
1854,5.0,28,0,5,0.11934999999999996
1855,5.0,33,0,5,0.11887500000000006
1856,5.0,29,0,5,0.11839999999999995
1857,5.0,29,0,5,0.11792500000000006
1858,5.0,29,0,5,0.11744999999999994
1859,5.0,29,0,5,0.11697500000000005
1860,5.0,25,0,5,0.11650000000000005
1861,5.0,27,0,5,0.11602500000000004
1862,5.0,29,0,5,0.11555000000000004
1863,5.0,27,0,5,0.11507500000000004
1864,5.0,29,0,5,0.11460000000000004
1865,5.0,28,0,5,0.11412500000000003
1866,5.0,29,0,5,0.11365000000000003
1867,5.0,25,0,5,0.11317500000000003
1868,5.0,31,0,5,0.11270000000000002
1869,5.0,27,0,5,0.11222500000000002
1870,5.0,25,0,5,0.11175000000000002
1871,5.0,31,0,5,0.11127500000000001
1872,5.0,35,0,5,0.11080000000000001
1873,5.0,30,0,5,0.110325
1874,5.0,31,0,5,0.10985
1875,5.0,32,0,5,0.109375
1876,5.0,27,0,5,0.10890000000000011
1877,5.0,29,0,5,0.108425
1878,5.0,33,0,5,0.1079500000000001
1879,5.0,27,0,5,0.10747499999999999
1880,5.0,32,0,5,0.1070000000000001
1881,5.0,25,0,5,0.10652500000000009
1882,5.0,33,0,5,0.10605000000000009
1883,5.0,29,0,5,0.10557500000000009
1884,5.0,29,0,5,0.10510000000000008
1885,5.0,31,0,5,0.10462500000000008
1886,5.0,27,0,5,0.10415000000000008
1887,5.0,29,0,5,0.10367500000000007
1888,5.0,29,0,5,0.10320000000000007
1889,5.0,25,0,5,0.10272500000000007
1890,5.0,25,0,5,0.10225000000000006
1891,5.0,27,0,5,0.10177500000000006
1892,5.0,27,0,5,0.10130000000000006
1893,5.0,25,0,5,0.10082500000000005
1894,5.0,35,0,5,0.10035000000000005
1895,5.0,25,0,5,0.09987500000000005
1896,5.0,33,0,5,0.09940000000000004
1897,5.0,34,0,5,0.09892500000000004
1898,5.0,30,0,5,0.09845000000000004
1899,5.0,29,0,5,0.09797500000000003
1900,5.0,27,0,5,0.09750000000000003
1901,5.0,27,0,5,0.09702500000000003
1902,5.0,27,0,5,0.09655000000000014
1903,5.0,25,0,5,0.09607500000000002
1904,5.0,29,0,5,0.09560000000000013
1905,5.0,29,0,5,0.09512500000000002
1906,5.0,25,0,5,0.09465000000000012
1907,5.0,27,0,5,0.09417500000000001
1908,5.0,34,0,5,0.09370000000000012
1909,5.0,31,0,5,0.093225
1910,5.0,27,0,5,0.09275000000000011
1911,5.0,25,0,5,0.092275
1912,5.0,31,0,5,0.0918000000000001
1913,5.0,28,0,5,0.09132499999999999
1914,5.0,30,0,5,0.0908500000000001
1915,5.0,29,0,5,0.09037499999999998
1916,5.0,28,0,5,0.08990000000000009
1917,5.0,25,0,5,0.08942499999999998
1918,5.0,25,0,5,0.08895000000000008
1919,5.0,33,0,5,0.08847499999999997
1920,5.0,27,0,5,0.08800000000000008
1921,5.0,27,0,5,0.08752500000000007
1922,5.0,31,0,5,0.08705000000000007
1923,5.0,25,0,5,0.08657500000000007
1924,5.0,27,0,5,0.08610000000000007
1925,5.0,33,0,5,0.08562500000000006
1926,5.0,32,0,5,0.08515000000000006
1927,5.0,27,0,5,0.08467500000000006
1928,5.0,29,0,5,0.08420000000000005
1929,5.0,30,0,5,0.08372500000000005
1930,5.0,29,0,5,0.08325000000000005
1931,5.0,28,0,5,0.08277500000000004
1932,5.0,31,0,5,0.08230000000000004
1933,5.0,37,0,5,0.08182500000000004
1934,5.0,27,0,5,0.08135000000000003
1935,5.0,27,0,5,0.08087500000000003
1936,5.0,29,0,5,0.08040000000000003
1937,5.0,25,0,5,0.07992500000000002
1938,5.0,32,0,5,0.07945000000000002
1939,5.0,27,0,5,0.07897500000000002
1940,5.0,25,0,5,0.07850000000000001
1941,5.0,25,0,5,0.07802500000000001
1942,5.0,27,0,5,0.07755000000000012
1943,5.0,34,0,5,0.077075
1944,5.0,27,0,5,0.07660000000000011
1945,5.0,29,0,5,0.076125
1946,5.0,29,0,5,0.0756500000000001
1947,5.0,31,0,5,0.07517499999999999
1948,5.0,25,0,5,0.0747000000000001
1949,5.0,30,0,5,0.07422499999999999
1950,5.0,30,0,5,0.0737500000000001
1951,5.0,27,0,5,0.07327499999999998
1952,5.0,27,0,5,0.07280000000000009
1953,5.0,27,0,5,0.07232499999999997
1954,5.0,29,0,5,0.07185000000000008
1955,5.0,27,0,5,0.07137499999999997
1956,5.0,27,0,5,0.07090000000000007
1957,5.0,29,0,5,0.07042499999999996
1958,5.0,29,0,5,0.06995000000000007
1959,5.0,25,0,5,0.06947499999999995
1960,5.0,25,0,5,0.06900000000000006
1961,5.0,27,0,5,0.06852500000000006
1962,5.0,29,0,5,0.06805000000000005
1963,5.0,27,0,5,0.06757500000000005
1964,5.0,25,0,5,0.06710000000000005
1965,5.0,25,0,5,0.06662500000000005
1966,5.0,29,0,5,0.06615000000000004
1967,5.0,25,0,5,0.06567500000000004
1968,5.0,29,0,5,0.06520000000000004
1969,5.0,28,0,5,0.06472500000000003
1970,5.0,27,0,5,0.06425000000000003
1971,5.0,29,0,5,0.06377500000000003
1972,5.0,29,0,5,0.06330000000000002
1973,5.0,25,0,5,0.06282500000000002
1974,5.0,28,0,5,0.062350000000000017
1975,5.0,25,0,5,0.06187500000000001
1976,5.0,25,0,5,0.06140000000000001
1977,5.0,31,0,5,0.06092500000000001
1978,5.0,27,0,5,0.060450000000000004
1979,5.0,25,0,5,0.059975
1980,5.0,26,0,5,0.0595
1981,5.0,27,0,5,0.059024999999999994
1982,5.0,29,0,5,0.0585500000000001
1983,5.0,25,0,5,0.05807499999999999
1984,5.0,27,0,5,0.057600000000000096
1985,5.0,25,0,5,0.05712499999999998
1986,5.0,27,0,5,0.05665000000000009
1987,5.0,31,0,5,0.056174999999999975
1988,5.0,25,0,5,0.05570000000000008
1989,5.0,27,0,5,0.05522499999999997
1990,5.0,29,0,5,0.054750000000000076
1991,5.0,27,0,5,0.05427499999999996
1992,5.0,27,0,5,0.05380000000000007
1993,5.0,29,0,5,0.053324999999999956
1994,5.0,29,0,5,0.052850000000000064
1995,5.0,27,0,5,0.05237499999999995
1996,5.0,25,0,5,0.05190000000000006
1997,5.0,25,0,5,0.05142499999999994
1998,5.0,27,0,5,0.05095000000000005
1999,5.0,25,0,5,0.05047499999999994
2000,5.0,25,0,5,0.05
2001,5.0,25,0,5,0.05
2002,5.0,31,0,5,0.05
2003,5.0,28,0,5,0.05
2004,5.0,27,0,5,0.05
2005,5.0,27,0,5,0.05
2006,5.0,25,0,5,0.05
2007,5.0,25,0,5,0.05
2008,5.0,29,0,5,0.05
2009,5.0,27,0,5,0.05
2010,5.0,27,0,5,0.05
2011,5.0,25,0,5,0.05
2012,5.0,25,0,5,0.05
2013,5.0,25,0,5,0.05
2014,5.0,25,0,5,0.05
2015,5.0,25,0,5,0.05
2016,5.0,25,0,5,0.05
2017,5.0,27,0,5,0.05
2018,5.0,25,0,5,0.05
2019,5.0,27,0,5,0.05
2020,5.0,27,0,5,0.05
2021,5.0,27,0,5,0.05
2022,5.0,27,0,5,0.05
2023,5.0,25,0,5,0.05
2024,5.0,25,0,5,0.05
2025,5.0,25,0,5,0.05
2026,5.0,25,0,5,0.05
2027,5.0,25,0,5,0.05
2028,5.0,27,0,5,0.05
2029,5.0,28,0,5,0.05
2030,5.0,31,0,5,0.05
2031,5.0,27,0,5,0.05
2032,5.0,25,0,5,0.05
2033,5.0,29,0,5,0.05
2034,5.0,27,0,5,0.05
2035,5.0,25,0,5,0.05
2036,5.0,28,0,5,0.05
2037,5.0,27,0,5,0.05
2038,5.0,25,0,5,0.05
2039,5.0,29,0,5,0.05
2040,5.0,27,0,5,0.05
2041,5.0,25,0,5,0.05
2042,5.0,25,0,5,0.05
2043,5.0,25,0,5,0.05
2044,5.0,27,0,5,0.05
2045,5.0,25,0,5,0.05
2046,5.0,25,0,5,0.05
2047,5.0,25,0,5,0.05
2048,5.0,29,0,5,0.05
2049,5.0,25,0,5,0.05
2050,5.0,27,0,5,0.05
2051,5.0,27,0,5,0.05
2052,5.0,25,0,5,0.05
2053,5.0,25,0,5,0.05
2054,5.0,27,0,5,0.05
2055,5.0,29,0,5,0.05
2056,5.0,29,0,5,0.05
2057,5.0,32,0,5,0.05
2058,5.0,27,0,5,0.05
2059,5.0,25,0,5,0.05
2060,5.0,27,0,5,0.05
2061,5.0,25,0,5,0.05
2062,5.0,27,0,5,0.05
2063,5.0,25,0,5,0.05
2064,5.0,29,0,5,0.05
2065,5.0,25,0,5,0.05
2066,5.0,25,0,5,0.05
2067,5.0,25,0,5,0.05
2068,5.0,25,0,5,0.05
2069,5.0,28,0,5,0.05
2070,5.0,26,0,5,0.05
2071,5.0,27,0,5,0.05
2072,5.0,25,0,5,0.05
2073,5.0,27,0,5,0.05
2074,5.0,27,0,5,0.05
2075,5.0,31,0,5,0.05
2076,5.0,26,0,5,0.05
2077,5.0,25,0,5,0.05
2078,5.0,31,0,5,0.05
2079,5.0,25,0,5,0.05
2080,5.0,27,0,5,0.05
2081,5.0,29,0,5,0.05
2082,5.0,25,0,5,0.05
2083,5.0,29,0,5,0.05
2084,5.0,25,0,5,0.05
2085,5.0,27,0,5,0.05
2086,5.0,28,0,5,0.05
2087,5.0,27,0,5,0.05
2088,5.0,25,0,5,0.05
2089,5.0,31,0,5,0.05
2090,5.0,25,0,5,0.05
2091,5.0,26,0,5,0.05
2092,5.0,25,0,5,0.05
2093,5.0,25,0,5,0.05
2094,5.0,27,0,5,0.05
2095,5.0,27,0,5,0.05
2096,5.0,25,0,5,0.05
2097,5.0,31,0,5,0.05
2098,5.0,27,0,5,0.05
2099,5.0,27,0,5,0.05
2100,5.0,27,0,5,0.05
2101,5.0,29,0,5,0.05
2102,5.0,32,0,5,0.05
2103,5.0,34,0,5,0.05
2104,5.0,29,0,5,0.05
2105,5.0,25,0,5,0.05
2106,5.0,27,0,5,0.05
2107,5.0,27,0,5,0.05
2108,5.0,27,0,5,0.05
2109,5.0,25,0,5,0.05
2110,5.0,25,0,5,0.05
2111,5.0,27,0,5,0.05
2112,5.0,27,0,5,0.05
2113,5.0,29,0,5,0.05
2114,5.0,25,0,5,0.05
2115,5.0,28,0,5,0.05
2116,5.0,26,0,5,0.05
2117,5.0,27,0,5,0.05
2118,5.0,27,0,5,0.05
2119,5.0,27,0,5,0.05
2120,5.0,27,0,5,0.05
2121,5.0,29,0,5,0.05
2122,5.0,26,0,5,0.05
2123,5.0,25,0,5,0.05
2124,5.0,27,0,5,0.05
2125,5.0,25,0,5,0.05
2126,5.0,25,0,5,0.05
2127,5.0,31,0,5,0.05
2128,5.0,25,0,5,0.05
2129,5.0,25,0,5,0.05
2130,5.0,25,0,5,0.05
2131,5.0,27,0,5,0.05
2132,5.0,28,0,5,0.05
2133,5.0,27,0,5,0.05
2134,5.0,25,0,5,0.05
2135,5.0,27,0,5,0.05
2136,5.0,27,0,5,0.05
2137,5.0,27,0,5,0.05
2138,5.0,27,0,5,0.05
2139,5.0,26,0,5,0.05
2140,5.0,27,0,5,0.05
2141,5.0,27,0,5,0.05
2142,5.0,31,0,5,0.05
2143,5.0,25,0,5,0.05
2144,5.0,27,0,5,0.05
2145,5.0,25,0,5,0.05
2146,5.0,27,0,5,0.05
2147,5.0,29,0,5,0.05
2148,5.0,25,0,5,0.05
2149,5.0,25,0,5,0.05
2150,5.0,26,0,5,0.05
2151,5.0,27,0,5,0.05
2152,5.0,25,0,5,0.05
2153,5.0,28,0,5,0.05
2154,5.0,27,0,5,0.05
2155,5.0,25,0,5,0.05
2156,5.0,27,0,5,0.05
2157,5.0,27,0,5,0.05
2158,5.0,25,0,5,0.05
2159,5.0,29,0,5,0.05
2160,5.0,29,0,5,0.05
2161,5.0,32,0,5,0.05
2162,5.0,27,0,5,0.05
2163,5.0,27,0,5,0.05
2164,5.0,25,0,5,0.05
2165,5.0,25,0,5,0.05
2166,5.0,27,0,5,0.05
2167,5.0,27,0,5,0.05
2168,5.0,28,0,5,0.05
2169,5.0,27,0,5,0.05
2170,5.0,25,0,5,0.05
2171,5.0,27,0,5,0.05
2172,5.0,27,0,5,0.05
2173,5.0,25,0,5,0.05
2174,5.0,27,0,5,0.05
2175,5.0,29,0,5,0.05
2176,5.0,25,0,5,0.05
2177,5.0,25,0,5,0.05
2178,5.0,27,0,5,0.05
2179,5.0,29,0,5,0.05
2180,5.0,25,0,5,0.05
2181,5.0,25,0,5,0.05
2182,5.0,27,0,5,0.05
2183,5.0,27,0,5,0.05
2184,5.0,26,0,5,0.05
2185,5.0,27,0,5,0.05
2186,5.0,27,0,5,0.05
2187,5.0,28,0,5,0.05
2188,5.0,25,0,5,0.05
2189,5.0,27,0,5,0.05
2190,5.0,25,0,5,0.05
2191,5.0,25,0,5,0.05
2192,5.0,29,0,5,0.05
2193,5.0,27,0,5,0.05
2194,5.0,25,0,5,0.05
2195,5.0,25,0,5,0.05
2196,5.0,25,0,5,0.05
2197,5.0,29,0,5,0.05
2198,5.0,25,0,5,0.05
2199,5.0,27,0,5,0.05
2200,5.0,27,0,5,0.05
2201,5.0,25,0,5,0.05
2202,5.0,29,0,5,0.05
2203,5.0,27,0,5,0.05
2204,5.0,29,0,5,0.05
2205,5.0,27,0,5,0.05
2206,5.0,27,0,5,0.05
2207,5.0,25,0,5,0.05
2208,5.0,25,0,5,0.05
2209,5.0,27,0,5,0.05
2210,5.0,27,0,5,0.05
2211,5.0,27,0,5,0.05
2212,5.0,25,0,5,0.05
2213,5.0,27,0,5,0.05
2214,5.0,29,0,5,0.05
2215,5.0,25,0,5,0.05
2216,5.0,25,0,5,0.05
2217,5.0,29,0,5,0.05
2218,5.0,25,0,5,0.05
2219,5.0,29,0,5,0.05
2220,5.0,25,0,5,0.05
2221,5.0,27,0,5,0.05
2222,5.0,25,0,5,0.05
2223,5.0,25,0,5,0.05
2224,5.0,27,0,5,0.05
2225,5.0,29,0,5,0.05
2226,5.0,29,0,5,0.05
2227,5.0,29,0,5,0.05
2228,5.0,25,0,5,0.05
2229,5.0,25,0,5,0.05
2230,5.0,27,0,5,0.05
2231,5.0,29,0,5,0.05
2232,5.0,25,0,5,0.05
2233,5.0,26,0,5,0.05
2234,5.0,27,0,5,0.05
2235,5.0,27,0,5,0.05
2236,5.0,25,0,5,0.05
2237,5.0,25,0,5,0.05
2238,5.0,27,0,5,0.05
2239,5.0,25,0,5,0.05
2240,5.0,27,0,5,0.05
2241,5.0,29,0,5,0.05
2242,5.0,25,0,5,0.05
2243,5.0,27,0,5,0.05
2244,5.0,27,0,5,0.05
2245,5.0,31,0,5,0.05
2246,5.0,25,0,5,0.05
2247,5.0,25,0,5,0.05
2248,5.0,27,0,5,0.05
2249,5.0,25,0,5,0.05
2250,5.0,27,0,5,0.05
2251,5.0,27,0,5,0.05
2252,5.0,31,0,5,0.05
2253,5.0,27,0,5,0.05
2254,5.0,25,0,5,0.05
2255,5.0,25,0,5,0.05
2256,5.0,29,0,5,0.05
2257,5.0,29,0,5,0.05
2258,5.0,25,0,5,0.05
2259,5.0,25,0,5,0.05
2260,5.0,25,0,5,0.05
2261,5.0,29,0,5,0.05
2262,5.0,27,0,5,0.05
2263,5.0,27,0,5,0.05
2264,5.0,27,0,5,0.05
2265,5.0,25,0,5,0.05
2266,5.0,27,0,5,0.05
2267,5.0,27,0,5,0.05
2268,5.0,25,0,5,0.05
2269,5.0,26,0,5,0.05
2270,5.0,25,0,5,0.05
2271,5.0,30,0,5,0.05
2272,5.0,25,0,5,0.05
2273,5.0,25,0,5,0.05
2274,5.0,25,0,5,0.05
2275,5.0,29,0,5,0.05
2276,5.0,25,0,5,0.05
2277,5.0,25,0,5,0.05
2278,5.0,29,0,5,0.05
2279,5.0,27,0,5,0.05
2280,5.0,25,0,5,0.05
2281,5.0,25,0,5,0.05
2282,5.0,29,0,5,0.05
2283,5.0,29,0,5,0.05
2284,5.0,27,0,5,0.05
2285,5.0,25,0,5,0.05
2286,5.0,25,0,5,0.05
2287,5.0,29,0,5,0.05
2288,5.0,25,0,5,0.05
2289,5.0,25,0,5,0.05
2290,5.0,25,0,5,0.05
2291,5.0,32,0,5,0.05
2292,5.0,25,0,5,0.05
2293,5.0,25,0,5,0.05
2294,5.0,29,0,5,0.05
2295,5.0,27,0,5,0.05
2296,5.0,25,0,5,0.05
2297,5.0,29,0,5,0.05
2298,5.0,25,0,5,0.05
2299,5.0,27,0,5,0.05
2300,5.0,28,0,5,0.05
2301,5.0,27,0,5,0.05
2302,5.0,27,0,5,0.05
2303,5.0,27,0,5,0.05
2304,5.0,25,0,5,0.05
2305,5.0,25,0,5,0.05
2306,5.0,27,0,5,0.05
2307,5.0,28,0,5,0.05
2308,5.0,28,0,5,0.05
2309,5.0,25,0,5,0.05
2310,5.0,30,0,5,0.05
2311,5.0,25,0,5,0.05
2312,5.0,25,0,5,0.05
2313,5.0,25,0,5,0.05
2314,5.0,27,0,5,0.05
2315,5.0,25,0,5,0.05
2316,5.0,25,0,5,0.05
2317,5.0,25,0,5,0.05
2318,5.0,25,0,5,0.05
2319,5.0,25,0,5,0.05
2320,5.0,25,0,5,0.05
2321,5.0,25,0,5,0.05
2322,5.0,27,0,5,0.05
2323,5.0,25,0,5,0.05
2324,5.0,29,0,5,0.05
2325,5.0,27,0,5,0.05
2326,5.0,25,0,5,0.05
2327,5.0,25,0,5,0.05
2328,5.0,27,0,5,0.05
2329,5.0,27,0,5,0.05
2330,5.0,27,0,5,0.05
2331,5.0,25,0,5,0.05
2332,5.0,27,0,5,0.05
2333,5.0,25,0,5,0.05
2334,5.0,27,0,5,0.05
2335,5.0,27,0,5,0.05
2336,5.0,27,0,5,0.05
2337,5.0,27,0,5,0.05
2338,5.0,25,0,5,0.05
2339,5.0,29,0,5,0.05
2340,5.0,25,0,5,0.05
2341,5.0,27,0,5,0.05
2342,5.0,27,0,5,0.05
2343,5.0,27,0,5,0.05
2344,5.0,25,0,5,0.05
2345,5.0,31,0,5,0.05
2346,5.0,27,0,5,0.05
2347,5.0,29,0,5,0.05
2348,5.0,25,0,5,0.05
2349,5.0,27,0,5,0.05
2350,5.0,27,0,5,0.05
2351,5.0,27,0,5,0.05
2352,5.0,27,0,5,0.05
2353,5.0,29,0,5,0.05
2354,5.0,25,0,5,0.05
2355,5.0,25,0,5,0.05
2356,5.0,25,0,5,0.05
2357,5.0,27,0,5,0.05
2358,5.0,29,0,5,0.05
2359,5.0,31,0,5,0.05
2360,5.0,25,0,5,0.05
2361,5.0,27,0,5,0.05
2362,5.0,29,0,5,0.05
2363,5.0,25,0,5,0.05
2364,5.0,25,0,5,0.05
2365,5.0,32,0,5,0.05
2366,5.0,25,0,5,0.05
2367,5.0,29,0,5,0.05
2368,5.0,29,0,5,0.05
2369,5.0,25,0,5,0.05
2370,5.0,27,0,5,0.05
2371,5.0,29,0,5,0.05
2372,5.0,31,0,5,0.05
2373,5.0,27,0,5,0.05
2374,5.0,31,0,5,0.05
2375,5.0,25,0,5,0.05
2376,5.0,27,0,5,0.05
2377,5.0,27,0,5,0.05
2378,5.0,25,0,5,0.05
2379,5.0,27,0,5,0.05
2380,5.0,25,0,5,0.05
2381,5.0,29,0,5,0.05
2382,5.0,25,0,5,0.05
2383,5.0,27,0,5,0.05
2384,5.0,29,0,5,0.05
2385,5.0,27,0,5,0.05
2386,5.0,25,0,5,0.05
2387,5.0,29,0,5,0.05
2388,5.0,27,0,5,0.05
2389,5.0,25,0,5,0.05
2390,5.0,27,0,5,0.05
2391,5.0,27,0,5,0.05
2392,5.0,33,0,5,0.05
2393,5.0,25,0,5,0.05
2394,5.0,27,0,5,0.05
2395,5.0,25,0,5,0.05
2396,5.0,25,0,5,0.05
2397,5.0,27,0,5,0.05
2398,5.0,25,0,5,0.05
2399,5.0,27,0,5,0.05
2400,5.0,27,0,5,0.05
2401,5.0,25,0,5,0.05
2402,5.0,29,0,5,0.05
2403,5.0,25,0,5,0.05
2404,5.0,27,0,5,0.05
2405,5.0,27,0,5,0.05
2406,5.0,25,0,5,0.05
2407,5.0,27,0,5,0.05
2408,5.0,27,0,5,0.05
2409,5.0,27,0,5,0.05
2410,5.0,25,0,5,0.05
2411,5.0,25,0,5,0.05
2412,5.0,25,0,5,0.05
2413,5.0,27,0,5,0.05
2414,5.0,27,0,5,0.05
2415,5.0,29,0,5,0.05
2416,5.0,29,0,5,0.05
2417,5.0,29,0,5,0.05
2418,5.0,30,0,5,0.05
2419,5.0,25,0,5,0.05
2420,5.0,25,0,5,0.05
2421,5.0,29,0,5,0.05
2422,5.0,29,0,5,0.05
2423,5.0,27,0,5,0.05
2424,5.0,25,0,5,0.05
2425,5.0,32,0,5,0.05
2426,5.0,27,0,5,0.05
2427,5.0,27,0,5,0.05
2428,5.0,27,0,5,0.05
2429,5.0,29,0,5,0.05
2430,5.0,27,0,5,0.05
2431,5.0,27,0,5,0.05
2432,5.0,25,0,5,0.05
2433,5.0,27,0,5,0.05
2434,5.0,25,0,5,0.05
2435,5.0,25,0,5,0.05
2436,5.0,25,0,5,0.05
2437,5.0,31,0,5,0.05
2438,5.0,31,0,5,0.05
2439,5.0,29,0,5,0.05
2440,5.0,27,0,5,0.05
2441,5.0,25,0,5,0.05
2442,5.0,25,0,5,0.05
2443,5.0,27,0,5,0.05
2444,5.0,25,0,5,0.05
2445,5.0,25,0,5,0.05
2446,5.0,25,0,5,0.05
2447,5.0,29,0,5,0.05
2448,5.0,29,0,5,0.05
2449,5.0,25,0,5,0.05
2450,5.0,27,0,5,0.05
2451,5.0,25,0,5,0.05
2452,5.0,27,0,5,0.05
2453,5.0,25,0,5,0.05
2454,5.0,28,0,5,0.05
2455,5.0,25,0,5,0.05
2456,5.0,27,0,5,0.05
2457,5.0,27,0,5,0.05
2458,5.0,25,0,5,0.05
2459,5.0,31,0,5,0.05
2460,5.0,25,0,5,0.05
2461,5.0,25,0,5,0.05
2462,5.0,29,0,5,0.05
2463,5.0,26,0,5,0.05
2464,5.0,25,0,5,0.05
2465,5.0,27,0,5,0.05
2466,5.0,27,0,5,0.05
2467,5.0,27,0,5,0.05
2468,5.0,27,0,5,0.05
2469,5.0,29,0,5,0.05
2470,5.0,25,0,5,0.05
2471,5.0,25,0,5,0.05
2472,5.0,27,0,5,0.05
2473,5.0,27,0,5,0.05
2474,5.0,25,0,5,0.05
2475,5.0,29,0,5,0.05
2476,5.0,26,0,5,0.05
2477,5.0,25,0,5,0.05
2478,5.0,27,0,5,0.05
2479,5.0,27,0,5,0.05
2480,5.0,25,0,5,0.05
2481,5.0,27,0,5,0.05
2482,5.0,25,0,5,0.05
2483,5.0,25,0,5,0.05
2484,5.0,27,0,5,0.05
2485,5.0,27,0,5,0.05
2486,5.0,27,0,5,0.05
2487,5.0,29,0,5,0.05
2488,5.0,27,0,5,0.05
2489,5.0,31,0,5,0.05
2490,5.0,27,0,5,0.05
2491,5.0,27,0,5,0.05
2492,5.0,25,0,5,0.05
2493,5.0,27,0,5,0.05
2494,5.0,29,0,5,0.05
2495,5.0,27,0,5,0.05
2496,5.0,27,0,5,0.05
2497,5.0,25,0,5,0.05
2498,5.0,25,0,5,0.05
2499,5.0,27,0,5,0.05
2500,5.0,25,0,5,0.05
2501,5.0,25,0,5,0.05
2502,5.0,29,0,5,0.05
2503,5.0,26,0,5,0.05
2504,5.0,31,0,5,0.05
2505,5.0,29,0,5,0.05
2506,5.0,25,0,5,0.05
2507,5.0,31,0,5,0.05
2508,5.0,25,0,5,0.05
2509,5.0,25,0,5,0.05
2510,5.0,29,0,5,0.05
2511,5.0,29,0,5,0.05
2512,5.0,29,0,5,0.05
2513,5.0,25,0,5,0.05
2514,5.0,25,0,5,0.05
2515,5.0,25,0,5,0.05
2516,5.0,25,0,5,0.05
2517,5.0,29,0,5,0.05
2518,5.0,27,0,5,0.05
2519,5.0,25,0,5,0.05
2520,5.0,27,0,5,0.05
2521,5.0,27,0,5,0.05
2522,5.0,31,0,5,0.05
2523,5.0,25,0,5,0.05
2524,5.0,28,0,5,0.05
2525,5.0,25,0,5,0.05
2526,5.0,25,0,5,0.05
2527,5.0,27,0,5,0.05
2528,5.0,25,0,5,0.05
2529,5.0,25,0,5,0.05
2530,5.0,25,0,5,0.05
2531,5.0,27,0,5,0.05
2532,5.0,27,0,5,0.05
2533,5.0,27,0,5,0.05
2534,5.0,25,0,5,0.05
2535,5.0,27,0,5,0.05
2536,5.0,25,0,5,0.05
2537,5.0,27,0,5,0.05
2538,5.0,29,0,5,0.05
2539,5.0,33,0,5,0.05
2540,5.0,25,0,5,0.05
2541,5.0,27,0,5,0.05
2542,5.0,29,0,5,0.05
2543,5.0,29,0,5,0.05
2544,5.0,27,0,5,0.05
2545,5.0,27,0,5,0.05
2546,5.0,27,0,5,0.05
2547,5.0,25,0,5,0.05
2548,5.0,25,0,5,0.05
2549,5.0,27,0,5,0.05
2550,5.0,27,0,5,0.05
2551,5.0,27,0,5,0.05
2552,5.0,25,0,5,0.05
2553,5.0,31,0,5,0.05
2554,5.0,25,0,5,0.05
2555,5.0,25,0,5,0.05
2556,5.0,25,0,5,0.05
2557,5.0,25,0,5,0.05
2558,5.0,27,0,5,0.05
2559,5.0,27,0,5,0.05
2560,5.0,27,0,5,0.05
2561,5.0,26,0,5,0.05
2562,5.0,31,0,5,0.05
2563,5.0,27,0,5,0.05
2564,5.0,25,0,5,0.05
2565,5.0,25,0,5,0.05
2566,5.0,25,0,5,0.05
2567,5.0,27,0,5,0.05
2568,5.0,27,0,5,0.05
2569,5.0,30,0,5,0.05
2570,5.0,27,0,5,0.05
2571,5.0,25,0,5,0.05
2572,5.0,25,0,5,0.05
2573,5.0,27,0,5,0.05
2574,5.0,27,0,5,0.05
2575,5.0,25,0,5,0.05
2576,5.0,27,0,5,0.05
2577,5.0,25,0,5,0.05
2578,5.0,27,0,5,0.05
2579,5.0,27,0,5,0.05
2580,5.0,27,0,5,0.05
2581,5.0,30,0,5,0.05
2582,5.0,25,0,5,0.05
2583,5.0,27,0,5,0.05
2584,5.0,27,0,5,0.05
2585,5.0,27,0,5,0.05
2586,5.0,27,0,5,0.05
2587,5.0,27,0,5,0.05
2588,5.0,25,0,5,0.05
2589,5.0,25,0,5,0.05
2590,5.0,29,0,5,0.05
2591,5.0,25,0,5,0.05
2592,5.0,27,0,5,0.05
2593,5.0,27,0,5,0.05
2594,5.0,25,0,5,0.05
2595,5.0,28,0,5,0.05
2596,5.0,29,0,5,0.05
2597,5.0,27,0,5,0.05
2598,5.0,25,0,5,0.05
2599,5.0,25,0,5,0.05
2600,5.0,27,0,5,0.05
2601,5.0,25,0,5,0.05
2602,5.0,25,0,5,0.05
2603,5.0,25,0,5,0.05
2604,5.0,25,0,5,0.05
2605,5.0,27,0,5,0.05
2606,5.0,29,0,5,0.05
2607,5.0,29,0,5,0.05
2608,5.0,26,0,5,0.05
2609,5.0,25,0,5,0.05
2610,5.0,25,0,5,0.05
2611,5.0,29,0,5,0.05
2612,5.0,25,0,5,0.05
2613,5.0,29,0,5,0.05
2614,5.0,27,0,5,0.05
2615,5.0,25,0,5,0.05
2616,5.0,27,0,5,0.05
2617,5.0,27,0,5,0.05
2618,5.0,25,0,5,0.05
2619,5.0,27,0,5,0.05
2620,5.0,25,0,5,0.05
2621,5.0,25,0,5,0.05
2622,5.0,27,0,5,0.05
2623,5.0,29,0,5,0.05
2624,5.0,25,0,5,0.05
2625,5.0,37,0,5,0.05
2626,5.0,29,0,5,0.05
2627,5.0,25,0,5,0.05
2628,5.0,25,0,5,0.05
2629,5.0,27,0,5,0.05
2630,5.0,27,0,5,0.05
2631,5.0,25,0,5,0.05
2632,5.0,25,0,5,0.05
2633,5.0,27,0,5,0.05
2634,5.0,25,0,5,0.05
2635,5.0,25,0,5,0.05
2636,5.0,27,0,5,0.05
2637,5.0,29,0,5,0.05
2638,5.0,29,0,5,0.05
2639,5.0,27,0,5,0.05
2640,5.0,29,0,5,0.05
2641,5.0,27,0,5,0.05
2642,5.0,25,0,5,0.05
2643,5.0,27,0,5,0.05
2644,5.0,29,0,5,0.05
2645,5.0,25,0,5,0.05
2646,5.0,25,0,5,0.05
2647,5.0,25,0,5,0.05
2648,5.0,29,0,5,0.05
2649,5.0,27,0,5,0.05
2650,5.0,29,0,5,0.05
2651,5.0,25,0,5,0.05
2652,5.0,31,0,5,0.05
2653,5.0,25,0,5,0.05
2654,5.0,29,0,5,0.05
2655,5.0,27,0,5,0.05
2656,5.0,29,0,5,0.05
2657,5.0,28,0,5,0.05
2658,5.0,27,0,5,0.05
2659,5.0,29,0,5,0.05
2660,5.0,25,0,5,0.05
2661,5.0,27,0,5,0.05
2662,5.0,27,0,5,0.05
2663,5.0,27,0,5,0.05
2664,5.0,27,0,5,0.05
2665,5.0,29,0,5,0.05
2666,5.0,25,0,5,0.05
2667,5.0,35,0,5,0.05
2668,5.0,31,0,5,0.05
2669,5.0,27,0,5,0.05
2670,5.0,29,0,5,0.05
2671,5.0,25,0,5,0.05
2672,5.0,27,0,5,0.05
2673,5.0,27,0,5,0.05
2674,5.0,25,0,5,0.05
2675,5.0,27,0,5,0.05
2676,5.0,25,0,5,0.05
2677,5.0,27,0,5,0.05
2678,5.0,25,0,5,0.05
2679,5.0,33,0,5,0.05
2680,5.0,27,0,5,0.05
2681,5.0,25,0,5,0.05
2682,5.0,29,0,5,0.05
2683,5.0,29,0,5,0.05
2684,5.0,27,0,5,0.05
2685,5.0,29,0,5,0.05
2686,5.0,27,0,5,0.05
2687,5.0,25,0,5,0.05
2688,5.0,34,0,5,0.05
2689,5.0,27,0,5,0.05
2690,5.0,29,0,5,0.05
2691,5.0,25,0,5,0.05
2692,5.0,25,0,5,0.05
2693,5.0,27,0,5,0.05
2694,5.0,25,0,5,0.05
2695,5.0,27,0,5,0.05
2696,5.0,26,0,5,0.05
2697,5.0,27,0,5,0.05
2698,5.0,31,0,5,0.05
2699,5.0,27,0,5,0.05
2700,5.0,33,0,5,0.05
2701,5.0,25,0,5,0.05
2702,5.0,27,0,5,0.05
2703,5.0,27,0,5,0.05
2704,5.0,25,0,5,0.05
2705,5.0,27,0,5,0.05
2706,5.0,27,0,5,0.05
2707,5.0,27,0,5,0.05
2708,5.0,27,0,5,0.05
2709,5.0,25,0,5,0.05
2710,5.0,31,0,5,0.05
2711,5.0,25,0,5,0.05
2712,5.0,27,0,5,0.05
2713,5.0,27,0,5,0.05
2714,5.0,25,0,5,0.05
2715,5.0,27,0,5,0.05
2716,5.0,27,0,5,0.05
2717,5.0,25,0,5,0.05
2718,5.0,29,0,5,0.05
2719,5.0,25,0,5,0.05
2720,5.0,27,0,5,0.05
2721,5.0,27,0,5,0.05
2722,5.0,35,0,5,0.05
2723,5.0,29,0,5,0.05
2724,5.0,27,0,5,0.05
2725,5.0,27,0,5,0.05
2726,5.0,27,0,5,0.05
2727,5.0,25,0,5,0.05
2728,5.0,27,0,5,0.05
2729,5.0,25,0,5,0.05
2730,5.0,27,0,5,0.05
2731,5.0,25,0,5,0.05
2732,5.0,27,0,5,0.05
2733,5.0,27,0,5,0.05
2734,5.0,27,0,5,0.05
2735,5.0,25,0,5,0.05
2736,5.0,27,0,5,0.05
2737,5.0,29,0,5,0.05
2738,5.0,29,0,5,0.05
2739,5.0,29,0,5,0.05
2740,5.0,25,0,5,0.05
2741,5.0,25,0,5,0.05
2742,5.0,33,0,5,0.05
2743,5.0,27,0,5,0.05
2744,5.0,27,0,5,0.05
2745,5.0,25,0,5,0.05
2746,5.0,25,0,5,0.05
2747,5.0,25,0,5,0.05
2748,5.0,25,0,5,0.05
2749,5.0,25,0,5,0.05
2750,5.0,25,0,5,0.05
2751,5.0,27,0,5,0.05
2752,5.0,25,0,5,0.05
2753,5.0,25,0,5,0.05
2754,5.0,29,0,5,0.05
2755,5.0,25,0,5,0.05
2756,5.0,26,0,5,0.05
2757,5.0,25,0,5,0.05
2758,5.0,25,0,5,0.05
2759,5.0,25,0,5,0.05
2760,5.0,25,0,5,0.05
2761,5.0,25,0,5,0.05
2762,5.0,27,0,5,0.05
2763,5.0,25,0,5,0.05
2764,5.0,27,0,5,0.05
2765,5.0,29,0,5,0.05
2766,5.0,29,0,5,0.05
2767,5.0,27,0,5,0.05
2768,5.0,25,0,5,0.05
2769,5.0,25,0,5,0.05
2770,5.0,27,0,5,0.05
2771,5.0,25,0,5,0.05
2772,5.0,32,0,5,0.05
2773,5.0,28,0,5,0.05
2774,5.0,27,0,5,0.05
2775,5.0,25,0,5,0.05
2776,5.0,27,0,5,0.05
2777,5.0,29,0,5,0.05
2778,5.0,25,0,5,0.05
2779,5.0,25,0,5,0.05
2780,5.0,27,0,5,0.05
2781,5.0,25,0,5,0.05
2782,5.0,27,0,5,0.05
2783,5.0,29,0,5,0.05
2784,5.0,25,0,5,0.05
2785,5.0,25,0,5,0.05
2786,5.0,29,0,5,0.05
2787,5.0,29,0,5,0.05
2788,5.0,29,0,5,0.05
2789,5.0,29,0,5,0.05
2790,5.0,25,0,5,0.05
2791,5.0,25,0,5,0.05
2792,5.0,25,0,5,0.05
2793,5.0,25,0,5,0.05
2794,5.0,30,0,5,0.05
2795,5.0,27,0,5,0.05
2796,5.0,29,0,5,0.05
2797,5.0,27,0,5,0.05
2798,5.0,31,0,5,0.05
2799,5.0,25,0,5,0.05
2800,5.0,25,0,5,0.05
2801,5.0,27,0,5,0.05
2802,5.0,25,0,5,0.05
2803,5.0,25,0,5,0.05
2804,5.0,27,0,5,0.05
2805,5.0,30,0,5,0.05
2806,5.0,27,0,5,0.05
2807,5.0,27,0,5,0.05
2808,5.0,25,0,5,0.05
2809,5.0,27,0,5,0.05
2810,5.0,29,0,5,0.05
2811,5.0,25,0,5,0.05
2812,5.0,25,0,5,0.05
2813,5.0,25,0,5,0.05
2814,5.0,25,0,5,0.05
2815,5.0,33,0,5,0.05
2816,5.0,29,0,5,0.05
2817,5.0,29,0,5,0.05
2818,5.0,25,0,5,0.05
2819,5.0,25,0,5,0.05
2820,5.0,25,0,5,0.05
2821,5.0,25,0,5,0.05
2822,5.0,27,0,5,0.05
2823,5.0,33,0,5,0.05
2824,5.0,25,0,5,0.05
2825,5.0,27,0,5,0.05
2826,5.0,27,0,5,0.05
2827,5.0,25,0,5,0.05
2828,5.0,28,0,5,0.05
2829,5.0,25,0,5,0.05
2830,5.0,25,0,5,0.05
2831,5.0,26,0,5,0.05
2832,5.0,27,0,5,0.05
2833,5.0,29,0,5,0.05
2834,5.0,25,0,5,0.05
2835,5.0,31,0,5,0.05
2836,5.0,25,0,5,0.05
2837,5.0,25,0,5,0.05
2838,5.0,25,0,5,0.05
2839,5.0,29,0,5,0.05
2840,5.0,29,0,5,0.05
2841,5.0,27,0,5,0.05
2842,5.0,29,0,5,0.05
2843,5.0,28,0,5,0.05
2844,5.0,27,0,5,0.05
2845,5.0,25,0,5,0.05
2846,5.0,25,0,5,0.05
2847,5.0,33,0,5,0.05
2848,5.0,25,0,5,0.05
2849,5.0,25,0,5,0.05
2850,5.0,27,0,5,0.05
2851,5.0,27,0,5,0.05
2852,5.0,27,0,5,0.05
2853,5.0,25,0,5,0.05
2854,5.0,27,0,5,0.05
2855,5.0,25,0,5,0.05
2856,5.0,25,0,5,0.05
2857,5.0,29,0,5,0.05
2858,5.0,27,0,5,0.05
2859,5.0,27,0,5,0.05
2860,5.0,25,0,5,0.05
2861,5.0,25,0,5,0.05
2862,5.0,29,0,5,0.05
2863,5.0,29,0,5,0.05
2864,5.0,25,0,5,0.05
2865,5.0,27,0,5,0.05
2866,5.0,25,0,5,0.05
2867,5.0,30,0,5,0.05
2868,5.0,27,0,5,0.05
2869,5.0,25,0,5,0.05
2870,5.0,29,0,5,0.05
2871,5.0,27,0,5,0.05
2872,5.0,25,0,5,0.05
2873,5.0,27,0,5,0.05
2874,5.0,25,0,5,0.05
2875,5.0,25,0,5,0.05
2876,5.0,31,0,5,0.05
2877,5.0,25,0,5,0.05
2878,5.0,27,0,5,0.05
2879,5.0,31,0,5,0.05
2880,5.0,27,0,5,0.05
2881,5.0,27,0,5,0.05
2882,5.0,27,0,5,0.05
2883,5.0,25,0,5,0.05
2884,5.0,29,0,5,0.05
2885,5.0,27,0,5,0.05
2886,5.0,27,0,5,0.05
2887,5.0,27,0,5,0.05
2888,5.0,27,0,5,0.05
2889,5.0,28,0,5,0.05
2890,5.0,25,0,5,0.05
2891,5.0,29,0,5,0.05
2892,5.0,27,0,5,0.05
2893,5.0,25,0,5,0.05
2894,5.0,27,0,5,0.05
2895,5.0,27,0,5,0.05
2896,5.0,27,0,5,0.05
2897,5.0,27,0,5,0.05
2898,5.0,26,0,5,0.05
2899,5.0,27,0,5,0.05
2900,5.0,27,0,5,0.05
2901,5.0,29,0,5,0.05
2902,5.0,25,0,5,0.05
2903,5.0,25,0,5,0.05
2904,5.0,25,0,5,0.05
2905,5.0,27,0,5,0.05
2906,5.0,25,0,5,0.05
2907,5.0,25,0,5,0.05
2908,5.0,27,0,5,0.05
2909,5.0,26,0,5,0.05
2910,5.0,25,0,5,0.05
2911,5.0,26,0,5,0.05
2912,5.0,26,0,5,0.05
2913,5.0,25,0,5,0.05
2914,5.0,27,0,5,0.05
2915,5.0,25,0,5,0.05
2916,5.0,25,0,5,0.05
2917,5.0,27,0,5,0.05
2918,5.0,27,0,5,0.05
2919,5.0,25,0,5,0.05
2920,5.0,27,0,5,0.05
2921,5.0,25,0,5,0.05
2922,5.0,27,0,5,0.05
2923,5.0,27,0,5,0.05
2924,5.0,25,0,5,0.05
2925,5.0,27,0,5,0.05
2926,5.0,31,0,5,0.05
2927,5.0,27,0,5,0.05
2928,5.0,25,0,5,0.05
2929,5.0,25,0,5,0.05
2930,5.0,26,0,5,0.05
2931,5.0,28,0,5,0.05
2932,5.0,25,0,5,0.05
2933,5.0,29,0,5,0.05
2934,5.0,29,0,5,0.05
2935,5.0,29,0,5,0.05
2936,5.0,27,0,5,0.05
2937,5.0,29,0,5,0.05
2938,5.0,27,0,5,0.05
2939,5.0,25,0,5,0.05
2940,5.0,25,0,5,0.05
2941,5.0,27,0,5,0.05
2942,5.0,25,0,5,0.05
2943,5.0,25,0,5,0.05
2944,5.0,25,0,5,0.05
2945,5.0,25,0,5,0.05
2946,5.0,26,0,5,0.05
2947,5.0,25,0,5,0.05
2948,5.0,27,0,5,0.05
2949,5.0,25,0,5,0.05
2950,5.0,27,0,5,0.05
2951,5.0,25,0,5,0.05
2952,5.0,29,0,5,0.05
2953,5.0,25,0,5,0.05
2954,5.0,27,0,5,0.05
2955,5.0,27,0,5,0.05
2956,5.0,25,0,5,0.05
2957,5.0,25,0,5,0.05
2958,5.0,30,0,5,0.05
2959,5.0,25,0,5,0.05
2960,5.0,25,0,5,0.05
2961,5.0,27,0,5,0.05
2962,5.0,27,0,5,0.05
2963,5.0,27,0,5,0.05
2964,5.0,27,0,5,0.05
2965,5.0,29,0,5,0.05
2966,5.0,29,0,5,0.05
2967,5.0,27,0,5,0.05
2968,5.0,28,0,5,0.05
2969,5.0,29,0,5,0.05
2970,5.0,25,0,5,0.05
2971,5.0,29,0,5,0.05
2972,5.0,25,0,5,0.05
2973,5.0,33,0,5,0.05
2974,5.0,27,0,5,0.05
2975,5.0,25,0,5,0.05
2976,5.0,25,0,5,0.05
2977,5.0,27,0,5,0.05
2978,5.0,26,0,5,0.05
2979,5.0,25,0,5,0.05
2980,5.0,27,0,5,0.05
2981,5.0,25,0,5,0.05
2982,5.0,29,0,5,0.05
2983,5.0,27,0,5,0.05
2984,5.0,30,0,5,0.05
2985,5.0,25,0,5,0.05
2986,5.0,25,0,5,0.05
2987,5.0,27,0,5,0.05
2988,5.0,25,0,5,0.05
2989,5.0,25,0,5,0.05
2990,5.0,29,0,5,0.05
2991,5.0,25,0,5,0.05
2992,5.0,25,0,5,0.05
2993,5.0,26,0,5,0.05
2994,5.0,27,0,5,0.05
2995,5.0,32,0,5,0.05
2996,5.0,27,0,5,0.05
2997,5.0,25,0,5,0.05
2998,5.0,25,0,5,0.05
2999,5.0,29,0,5,0.05
